date,gz_spread,ebp,est_prob
1973-01-01,1.1018267879026915,0.01761609045218204,0.22533676533689295
1973-02-01,1.045423143140895,-1.939180362888759e-4,0.21919137975290115
1973-03-01,0.9956893667936312,-0.09294750226379024,0.1887829344411988
1973-04-01,0.9553327198084648,-0.15139517153352366,0.17102898698837377
1973-05-01,1.0073928110897448,-0.05616552975648314,0.2005172683465887
1973-06-01,1.1422628080798332,0.04992741646800414,0.23673112200952492
1973-07-01,0.9332407654266398,-0.3139647836519589,0.1274646804625447
1973-08-01,0.9432599258337324,-0.19689560349701696,0.15797312875613856
1973-09-01,0.770816861878993,-0.34805512356139356,0.11940738527505304
1973-10-01,1.2266048014370992,0.132110090796842,0.26708884782752806
1973-11-01,1.309286649008018,0.08199220024855292,0.24834490097376943
1973-12-01,1.2373560988718553,0.01240182393816224,0.22352754044128345
1974-01-01,1.1116754127027628,-0.03909410842397243,0.206109106170234
1974-02-01,1.2493236783221096,0.16812511963478016,0.28098601708385496
1974-03-01,1.1642054913883215,-0.07826121555301202,0.19341655452592216
1974-04-01,1.1758896088595747,0.0698677382410613,0.2439180724422128
1974-05-01,1.21719064751747,0.08012169880359288,0.24765916958060905
1974-06-01,1.7519119977036726,0.6723140168224964,0.5016882005711586
1974-07-01,2.43916325793796,1.2326461169021243,0.7432588490669763
1974-08-01,1.92326740115409,0.7995577148771713,0.5602703021977523
1974-09-01,2.1948562353303114,0.9088288081846184,0.6095915385429233
1974-10-01,2.3949455635439416,1.0651409435515435,0.6770106465622218
1974-11-01,2.207241842416999,1.0080402967465143,0.6529140101268929
1974-12-01,2.5232673424169105,1.1675324052293616,0.7183629292936669
1975-01-01,1.6641929937454714,0.4008411163279249,0.378169002691186
1975-02-01,1.5799738986631375,0.4095528540260125,0.3820123438882061
1975-03-01,1.831421520262484,0.5981319259244342,0.4674368014482945
1975-04-01,1.490072031684487,0.23771821092699197,0.3087892300319819
1975-05-01,1.54039950108931,0.350407309544881,0.356166306162798
1975-06-01,1.4051214139131998,0.24735575452778824,0.31273267130611104
1975-07-01,1.4292460024258211,0.3653126195930583,0.362623123269376
1975-08-01,1.2422426193442044,0.11384776252515816,0.26017697869939416
1975-09-01,1.3664161352753077,0.29110479910080134,0.33089895511786693
1975-10-01,1.2958257093283778,0.0977955949866618,0.2541786458392293
1975-11-01,1.2765636594092638,0.17287612014773002,0.28284505373393687
1975-12-01,1.1991074011189868,-0.03959498541832418,0.20594373573884353
1976-01-01,0.9674096710015536,-0.1499808793681342,0.17144556486060175
1976-02-01,1.0469007895261249,-0.05187194156197083,0.20191501227763425
1976-03-01,0.9955225191692078,-0.09889353889777086,0.18692654145444365
1976-04-01,1.0375807310964729,-0.04174097570159385,0.2052361032815324
1976-05-01,1.005484866520766,-0.1011126981715309,0.18623660927097463
1976-06-01,0.998027705588457,-0.03763206971297328,0.20659226557679425
1976-07-01,0.9617176785764174,-0.0784323754395142,0.19336215595196649
1976-08-01,0.8894486403649354,-0.160034502767065,0.16849835725747914
1976-09-01,0.83918183790734,-0.19596541913077437,0.1582333047798114
1976-10-01,0.9034786701147208,-0.13582785118043028,0.17564998480370178
1976-11-01,0.8291283900156177,-0.370138214910076,0.11438378549469708
1976-12-01,1.0840167920685375,-0.03412835196838704,0.2077528645116709
1977-01-01,0.9670989016344392,-0.3016927957048794,0.1304556841802334
1977-02-01,0.9206514937709138,-0.18898978327719984,0.16019337214361537
1977-03-01,0.9071250487410136,-0.1597698736175731,0.16857551310513794
1977-04-01,0.8503124293583652,-0.24227578462738475,0.1456212342280518
1977-05-01,0.7991848859930067,-0.2523073787287061,0.14298086679946895
1977-06-01,0.8399434125378092,-0.2639234775245901,0.13996410391363134
1977-07-01,0.8732945856008134,-0.1786692984049263,0.16312228787628005
1977-08-01,0.9241339814992364,-0.18639765495532937,0.1609257557178295
1977-09-01,0.943336649159215,-0.13825588347023987,0.17492408725893388
1977-10-01,0.9325222655950992,-0.14906429515786046,0.1717158895500914
1977-11-01,0.935028180607198,-0.13221798538278218,0.17673273241087545
1977-12-01,0.7882763677006503,-0.3318264291781827,0.12319709847299952
1978-01-01,0.759513126712875,-0.3372495432772271,0.12192143055869537
1978-02-01,0.7191687235261861,-0.3379600566731773,0.12175498791234528
1978-03-01,0.7255268727972175,-0.33471462169637434,0.12251655538395673
1978-04-01,0.7369143187339416,-0.2827903802174726,0.13515703561184966
1978-05-01,0.7784348604544221,-0.2417235371497174,0.1457675345893109
1978-06-01,0.6299066215423954,-0.44481044158628347,0.09851597819090308
1978-07-01,0.6259920288228817,-0.3608771566149246,0.11647192075630756
1978-08-01,0.6054745490896358,-0.38907967219356854,0.1101962812312117
1978-09-01,0.6436323087965222,-0.3188275844370052,0.12629278410184538
1978-10-01,0.5629925004200966,-0.5052580662430144,0.0869010894425244
1978-11-01,0.6671743787992502,-0.2558126665075524,0.14206593157331449
1978-12-01,0.6444213873107442,-0.3914763916309164,0.10967436367514448
1979-01-01,0.6952421904911633,-0.26628255393181377,0.1393567624353954
1979-02-01,0.6638576645251255,-0.3227044010645105,0.1253638968830048
1979-03-01,0.6506520205270432,-0.1915034772590749,0.15948523376761262
1979-04-01,0.6444352858070996,-0.2400455742258033,0.1462126633459834
1979-05-01,0.7059792549205242,-0.2667258646820123,0.1392428330216424
1979-06-01,0.7385814429449198,-0.1866859242400778,0.16084419986091644
1979-07-01,0.6516171960944991,-0.2622136924560319,0.14040540874395563
1979-08-01,0.5807234943071713,-0.3443806831251216,0.1202581499740072
1979-09-01,0.6950940222186572,-0.15624702484576702,0.16960480561998756
1979-10-01,0.7203506344375212,-0.6970337026347269,0.05679324430418134
1979-11-01,0.7833845118507153,-0.14614054944744936,0.17257999691837553
1979-12-01,0.8332649426836677,0.08931446862195558,0.25103897364949834
1980-01-01,0.8148931845707517,-0.09695572493243632,0.18753029561323983
1980-02-01,0.88782837072104,-0.4026962378211275,0.10725469042710938
1980-03-01,0.9787998588473268,0.2440911704144084,0.3113944528836512
1980-04-01,1.1297154960540023,-0.4659159425195256,0.09433791972343808
1980-05-01,0.9765676339614164,-0.06579701254096038,0.19740302568138565
1980-06-01,0.940241264249775,-0.26441503746545436,0.1398374042581584
1980-07-01,0.9526003699263904,-0.0401368628471056,0.20576491719157625
1980-08-01,0.8680997689059888,-0.11893748175799912,0.1807523165359231
1980-09-01,0.9255094387902276,-0.09782698886031338,0.1872586916916522
1980-10-01,0.8564388793430279,-0.2049155590857189,0.15574157408640524
1980-11-01,0.9730700829674352,0.26144706738805845,0.31853717037705637
1980-12-01,1.0962966659113325,0.03822812626043404,0.23256925616803728
1981-01-01,1.0686266727821387,0.32895898765769715,0.34694746682839506
1981-02-01,0.8807881005366959,0.07988633789087674,0.24757295725477055
1981-03-01,0.8677832736254374,-0.0511050038273203,0.20216529541316375
1981-04-01,1.1262870897430324,0.48747795543018624,0.4168662645684843
1981-05-01,1.1957336384241617,0.3369134723586392,0.35035622361692687
1981-06-01,1.0914183276788707,0.3944469733492758,0.3753557380734868
1981-07-01,1.1041750000275223,0.3945368252251419,0.3753952251853641
1981-08-01,0.9960043522124444,0.22618357150175872,0.30409839741070793
1981-09-01,1.1570106871275756,0.374637221221176,0.3666825328641936
1981-10-01,1.298618093849625,0.5245361560447094,0.4336921988137392
1981-11-01,1.464404068900136,0.2313670935585277,0.3062024732646258
1981-12-01,1.4417518180899649,0.5465709015042294,0.4437562014036522
1982-01-01,1.4411112339726009,0.7112193402791878,0.5196626377120805
1982-02-01,1.4378488634166815,0.49828838282922927,0.421760361233123
1982-03-01,1.6132827607017632,0.9138921391602384,0.6118411383902148
1982-04-01,1.6344124128749808,0.8240162138048799,0.5714205190184922
1982-05-01,1.5074842353664717,0.7397288606364257,0.532810891021197
1982-06-01,1.5408093735755413,0.7169203816018465,0.5222940627667936
1982-07-01,1.624498325812814,0.67528105855639,0.5030595696942188
1982-08-01,1.7337458602421592,0.06605752146973898,0.24253574774266584
1982-09-01,1.6392303416964824,0.49395925270027075,0.41979898179218633
1982-10-01,1.776528854922976,0.2524193072184655,0.3148132101263774
1982-11-01,1.5690920427471169,0.497803210406879,0.4215404488124147
1982-12-01,1.579299294566895,0.6237101459605809,0.4792324363739353
1983-01-01,1.2541846027820127,0.24043517449544785,0.3098987403103774
1983-02-01,1.321093575163349,0.18752431354181587,0.28861369053262925
1983-03-01,0.9960532567140544,0.09983120889570696,0.25493527311008274
1983-04-01,0.940777901637676,0.02052765340845963,0.22635060456804468
1983-05-01,0.855305694832128,-0.1874030114275258,0.16064144183124246
1983-06-01,0.8451014161099896,-0.02570946794689321,0.21055729814820315
1983-07-01,0.8652056202790968,-0.1544979938534723,0.17011732538766783
1983-08-01,0.7989817990362492,-0.2226953978487883,0.15086880408273928
1983-09-01,0.8885816898154651,-0.122795559645008,0.17957873559686854
1983-10-01,0.8323263785962188,-0.13679636336467327,0.17536020468663469
1983-11-01,0.9069582609968896,-0.01647323013422186,0.21365941301820168
1983-12-01,0.9237014294672534,0.03618043817396943,0.231845024638156
1984-01-01,0.8810485955522867,-0.0439262244633043,0.20451701204516676
1984-02-01,0.8667995916470673,-0.11944134865054667,0.1805987738857169
1984-03-01,0.9259595251781108,-0.02548904161298915,0.21063102207160608
1984-04-01,0.9380095228536128,0.04193126000900937,0.23388217836263692
1984-05-01,0.7433877392450773,-0.3594120924687386,0.1168047172013572
1984-06-01,0.7492003621280827,-0.109914716999297,0.18351565204225023
1984-07-01,0.9091829270426744,-0.1800613008511157,0.16272522468768102
1984-08-01,0.8984350082779292,0.11594619813426088,0.26096647445032506
1984-09-01,0.8967575674894044,-0.081549160959415,0.19237320288507984
1984-10-01,0.9216370819718724,-0.267918988747224,0.13893651894893744
1984-11-01,0.9327910543288676,-0.16066314448073094,0.1683151601688494
1984-12-01,0.9397012420628794,-0.04478433231883172,0.2042350483507692
1985-01-01,1.056266515840225,-0.1688409743005117,0.16594367904552812
1985-02-01,0.944599593101163,-0.19942432444085445,0.157267256555591
1985-03-01,0.9881487575520688,0.03745704985803799,0.23229639236371977
1985-04-01,1.0655377144713931,-0.10694756460765786,0.18443010303601093
1985-05-01,1.2179419122237338,-0.30819698927470873,0.12886445034630317
1985-06-01,1.1986116051993856,0.01009917284944661,0.22273121352718983
1985-07-01,1.165404802274068,-0.03238431363090277,0.20833200620949463
1985-08-01,1.1715512572253792,-0.01081429185988147,0.21557312553112468
1985-09-01,1.1740944743272024,0.08200756822191857,0.24835053910751695
1985-10-01,1.2623441752733493,0.1378563365749621,0.26928268627860585
1985-11-01,1.3509819957380156,0.18593485998229164,0.2879850717985284
1985-12-01,1.4303693334137402,-0.04158933100670059,0.20528606008216752
1986-01-01,1.3971558178987116,0.20502958669347904,0.2955792972070178
1986-02-01,1.6275085725919445,-0.16158307928783633,0.16804730622344108
1986-03-01,2.079595047800261,0.6050950008306601,0.4706454944765998
1986-04-01,1.9913982013774276,0.5409470742008486,0.44118389598091023
1986-05-01,1.6567472901569609,0.04152200275796902,0.23373687728234105
1986-06-01,1.9684030861114592,0.11779623266199302,0.26166353449974133
1986-07-01,2.160364176002572,0.7325160046557246,0.5294872195139292
1986-08-01,2.31884639636787,0.6928334488225416,0.5111710162444852
1986-09-01,1.9817993052711036,0.3355777942819844,0.34978299014741365
1986-10-01,1.992012874203566,0.5085691781567776,0.4264259328223885
1986-11-01,2.1193595347323204,0.6252269250780895,0.4799325872381318
1986-12-01,2.024097196576233,0.6463438120791749,0.48968568659980194
1987-01-01,1.894539107595726,0.5071214673173028,0.4257683020435194
1987-02-01,1.9971491134154309,0.5774776134349007,0.45793221047666377
1987-03-01,1.9265847347239904,0.4684267462048683,0.4082731305727711
1987-04-01,1.8018652431494313,-0.2349071854801481,0.14758144459182165
1987-05-01,1.7725410835437816,0.19978853694187393,0.2934857112423581
1987-06-01,1.7280840506281094,0.186670899454217,0.2882760903527537
1987-07-01,1.6873543727035332,0.26254757713888743,0.3189923978423708
1987-08-01,1.6118420585238828,0.2616134743330536,0.3186059872990747
1987-09-01,1.5890343746661053,0.25167222340425144,0.3145058724416538
1987-10-01,1.716768708364365,-0.6257618974367856,0.06684582940105255
1987-11-01,1.7074159014351746,0.2584924508529698,0.31731634465657177
1987-12-01,1.65910086337344,0.00237139057161317,0.22007056077705228
1988-01-01,1.7497505128364357,-0.125222865157689,0.17884283834372436
1988-02-01,1.7011993670279095,0.21585545933677475,0.29992538612108477
1988-03-01,1.600771260303695,-0.05184538422891704,0.20192367591950583
1988-04-01,1.4914021712148893,0.01540938331342101,0.2245700809390878
1988-05-01,1.4967029179008866,0.08760443164208231,0.2504084211340525
1988-06-01,1.559536675474937,0.1867962914701895,0.28832568222783717
1988-07-01,1.4619970080391698,-0.08919653465081812,0.18995983562531008
1988-08-01,1.442054342057197,0.07353434342856935,0.24525229908215396
1988-09-01,1.5380109248756972,0.2635403443476314,0.31940329184040683
1988-10-01,1.6821252983273702,0.3830506863782257,0.370358140963037
1988-11-01,1.6115784977410097,0.29028323299777004,0.33055393836319363
1988-12-01,1.6193548375628513,0.4235562985522139,0.3882145066063133
1989-01-01,1.6844195874698251,0.4237554539860154,0.3883029231981374
1989-02-01,1.5748014017016692,0.31512978164368266,0.34105072198385666
1989-03-01,1.6471045442501508,0.5394728520552061,0.44051000118905753
1989-04-01,1.7114467906040396,0.6403611275135008,0.4869216286572797
1989-05-01,1.7728556279573595,0.4665990313665125,0.4074509761553796
1989-06-01,1.97878597480268,0.7351878930498539,0.5307186730203144
1989-07-01,2.11189293976388,0.9608205565438184,0.6325036036104106
1989-08-01,1.9192887707827335,0.6793742356835282,0.5049513768137052
1989-09-01,1.7392822716554277,0.7080631220475351,0.5182054486529327
1989-10-01,1.651651604342152,0.5697955342834231,0.454402947910558
1989-11-01,1.6374358335319394,0.6801651474528022,0.5053169132481528
1989-12-01,1.5397763320191256,0.5638891396917439,0.4516918924574024
1990-01-01,1.4288319799788476,0.2990133361313003,0.33422745734449094
1990-02-01,1.4286881084402556,0.43644735953682434,0.3939493451581511
1990-03-01,1.426880097289352,0.4651870374901872,0.4068161028181954
1990-04-01,1.3521314896331438,0.2178047702512107,0.30071100729114053
1990-05-01,1.2025567471943537,0.11017202014593576,0.25879702462351906
1990-06-01,1.224435203473221,0.15765337448921568,0.2769094625864946
1990-07-01,1.1634444416910608,0.08025705408328965,0.2477087572642424
1990-08-01,1.1061110337510054,-0.2090943970114536,0.1545870890780984
1990-09-01,1.1264534675711542,0.0061890724390269904,0.22138269242296624
1990-10-01,1.4096893151727503,0.2069279718291519,0.2963393150963167
1990-11-01,1.5593720738148495,0.3175603464086183,0.3420843516414186
1990-12-01,1.55407931040216,0.4046886426350089,0.3798649479213024
1991-01-01,1.5753063713913562,0.4367419649278048,0.3940806804791056
1991-02-01,1.40932632338943,0.3537717357339263,0.357620216770851
1991-03-01,1.3712527152405962,0.28873807015667774,0.32990543722449034
1991-04-01,1.3575809833646726,0.2429500946284726,0.31092728899470923
1991-05-01,1.306838869407792,0.22290323514920884,0.30277019377940695
1991-06-01,1.284667825713587,0.12756570412615176,0.26536027607766005
1991-07-01,1.387224232066653,0.23564616936063887,0.3079442533917958
1991-08-01,1.2891800645210774,0.16326866538200213,0.27909184082572824
1991-09-01,1.391658969368095,0.1984063053122731,0.2929347126941471
1991-10-01,1.3602401691063732,0.18389683658282951,0.28717999355751667
1991-11-01,1.3527063705072109,0.1955744976402678,0.2918073719306956
1991-12-01,1.5262181187551749,0.2190555529470204,0.301215592685202
1992-01-01,1.3262814835950587,0.0857204522438999,0.24971470284184105
1992-02-01,1.2807817028143311,0.12315710544084756,0.2636887977531317
1992-03-01,1.2056136270943596,0.06580074781415424,0.24244274457884257
1992-04-01,1.2117375492802047,0.05982436025008364,0.2402835704615139
1992-05-01,1.2188768459753023,0.02437262302576193,0.2276934057982168
1992-06-01,1.1959249512204364,0.0031903998572107,0.22035167658936455
1992-07-01,1.253600891106479,-0.06396651344351945,0.19799263713053497
1992-08-01,1.404895180409834,0.08287662540015717,0.24866948594243865
1992-09-01,1.5244770803078342,0.1821411977066647,0.28648732071056726
1992-10-01,1.403574385691044,0.09829560660109073,0.254364388426425
1992-11-01,1.2853500202432009,0.07307451673049359,0.2450847596457052
1992-12-01,1.3507223298121191,0.10803783433658064,0.2579975461387428
1993-01-01,1.3750521751449547,0.0671520964111243,0.2429324183539057
1993-02-01,1.4125877296833664,0.05655875727586057,0.23910820127237284
1993-03-01,1.3627658369837072,0.02432810105024541,0.22767783151034696
1993-04-01,1.4126875563239631,0.04987455302069166,0.2367122248716962
1993-05-01,1.3287865367715457,0.02111186171757384,0.22655434242505956
1993-06-01,1.316531756094792,-0.05669945045365665,0.20034386179120348
1993-07-01,1.28982897361313,-0.06124817227824186,0.19887018622645625
1993-08-01,1.372583048433573,-0.06316714203394547,0.1982504513216352
1993-09-01,1.4106534557272337,0.02548773381282343,0.22808367965633816
1993-10-01,1.353443960411806,-0.04557890409014331,0.2039741683606168
1993-11-01,1.2770762409107863,-0.1335459562904191,0.17633392953224533
1993-12-01,1.249174293939316,-0.1698137087193119,0.16566304071145077
1994-01-01,1.2077632090258623,-0.24748563196832052,0.14424591087530536
1994-02-01,1.1184090580825374,-0.4321058453747091,0.10109543767203892
1994-03-01,1.2051077739997216,-0.31076162277065267,0.12824073561713306
1994-04-01,1.2167622129020608,-0.26406307843892707,0.13992811382615422
1994-05-01,1.244598990389204,-0.26580570772236434,0.13947938113121308
1994-06-01,1.204977045674812,-0.31390210362175885,0.12747983505349125
1994-07-01,1.1962482000376855,-0.29849473023526296,0.13124304574708548
1994-08-01,1.17288129705934,-0.27111327870795265,0.13811869969181936
1994-09-01,1.1605153129941332,-0.3894094366095844,0.11012436513460216
1994-10-01,1.1795662827423787,-0.313398202929535,0.12760171218614683
1994-11-01,1.232886706949976,-0.25484895470610924,0.14231707959637635
1994-12-01,1.263289726074753,-0.19712294668131025,0.157909582759353
1995-01-01,1.2512170925604085,-0.2464783088817022,0.14451114426271094
1995-02-01,1.2240046874605437,-0.2815960136640645,0.1354579482066227
1995-03-01,1.2228629213396476,-0.28884197582447513,0.13363942369386658
1995-04-01,1.1949993870082996,-0.2358233619638992,0.14733676370379575
1995-05-01,1.2954735798236707,-0.32286364342062535,0.1253258445734497
1995-06-01,1.321234554353952,-0.1400237737582406,0.17439674873156738
1995-07-01,1.2374917337510545,-0.31153089149482005,0.1280540600905947
1995-08-01,1.2574280233551791,-0.20347577567256225,0.15614065570601549
1995-09-01,1.2515433114759569,-0.162703309813216,0.16772150354809193
1995-10-01,1.3291778253761497,-0.12567708950545642,0.17870534021384116
1995-11-01,1.38600605291551,-0.04186482714702189,0.2051953078596374
1995-12-01,1.3987608445493238,-0.05397522374143415,0.20122957786433476
1996-01-01,1.3798518647079732,-0.103781575442905,0.18540895376358
1996-02-01,1.2923560350429768,-0.3077243832377896,0.12897961658598214
1996-03-01,1.2494785032602491,-0.3302643113930348,0.12356628127669372
1996-04-01,1.25153265708826,-0.2823269322313775,0.13527374374106532
1996-05-01,1.195814422682287,-0.31403499603780594,0.1274477062088295
1996-06-01,1.2609186260945893,-0.26708503373617876,0.13915057423885394
1996-07-01,1.272053542964232,-0.32024066116393235,0.1259536562395154
1996-08-01,1.2432631569917818,-0.3897041846693952,0.11006011401966334
1996-09-01,1.2271245396261723,-0.385333580894871,0.1110156067170692
1996-10-01,1.266491936259749,-0.33105198748580156,0.12338002926961274
1996-11-01,1.31817801498652,-0.2793238932920732,0.13603166025687563
1996-12-01,1.2388183529358323,-0.3956318388424616,0.10877367004342708
1997-01-01,1.2745427247930488,-0.3385388108910983,0.12161952879687528
1997-02-01,1.2070287877797572,-0.457628222620756,0.09596270539492222
1997-03-01,1.212266329662525,-0.48377717777757834,0.09090541426106424
1997-04-01,1.2151573035108112,-0.4420455530142895,0.09907320021680605
1997-05-01,1.1726087286478115,-0.4397652702378392,0.09953448896891784
1997-06-01,1.1464002593079474,-0.5413733522227417,0.08046801989129836
1997-07-01,1.2048841340867713,-0.5121003407303164,0.08565368270840039
1997-08-01,1.1411809753968845,-0.5070560257257333,0.08657199859734571
1997-09-01,1.1525907310407637,-0.5585087744462398,0.07754459255106595
1997-10-01,1.2844799810446164,-0.4375527436819977,0.09998356950407472
1997-11-01,1.3081461461691346,-0.33043831491624753,0.12352511988409816
1997-12-01,1.3018474395561082,-0.3978564633714179,0.10829367411960993
1998-01-01,1.3488771294798076,-0.35832802185565726,0.11705140266378627
1998-02-01,1.317789963373884,-0.33193423951900813,0.12317164768277487
1998-03-01,1.2993012864624092,-0.3809283910307528,0.11198465774222424
1998-04-01,1.210001159192273,-0.410083356960252,0.10568274074737002
1998-05-01,1.2113056221979115,-0.37264384929006167,0.1138234375137077
1998-06-01,1.3127014396411365,-0.3348245121103317,0.12249071416484392
1998-07-01,1.3629479363057384,-0.29717186125547723,0.13156969280284178
1998-08-01,1.999872683689536,0.10098276477976964,0.2553638219144535
1998-09-01,2.118701825645259,0.08688971423451397,0.2501451279276016
1998-10-01,2.25855932734208,0.2116270101176521,0.29822441656731147
1998-11-01,1.9969700129241073,0.19423367184722817,0.2912742961132302
1998-12-01,1.9540907357906976,0.05704190792232233,0.2392819005188877
1999-01-01,1.9122936908183232,0.05296601640219767,0.23781872611024024
1999-02-01,1.782909271878077,-0.1674202345907971,0.16635412070710878
1999-03-01,1.6737158382498916,-0.158493263267933,0.16894804338393035
1999-04-01,1.6214965015049436,-0.2004009338371242,0.15699519980369916
1999-05-01,1.655853296033276,-0.1947498792395528,0.15857371938058698
1999-06-01,1.696064927466914,-0.13490861088634776,0.17592530319389266
1999-07-01,1.7541497126855274,-0.08449379579649152,0.191441720115088
1999-08-01,1.9666456036776072,-0.02949920354676827,0.2092921509272348
1999-09-01,2.027602143549194,0.1016340018242603,0.25560634481203176
1999-10-01,2.0937154079093654,0.11594762325362518,0.2609670110421797
1999-11-01,2.04524467377717,0.08080126020015377,0.2479081817896745
1999-12-01,1.8633514807095184,-0.14790625099899568,0.17205781617230345
2000-01-01,1.9503208316579963,0.03483108714955429,0.23136847021971813
2000-02-01,2.122469497998492,0.12697571252464956,0.26513627508043264
2000-03-01,2.4746867982025123,0.3959433944679231,0.3760135386717503
2000-04-01,2.636578232022321,0.5525204230816345,0.4464800571158205
2000-05-01,2.8051403611200603,0.7322357072074324,0.5293580159531917
2000-06-01,2.815740900392646,0.770399615244644,0.5469156094306468
2000-07-01,2.940392653659896,0.853104772460545,0.5846069494834815
2000-08-01,3.064164062818344,1.002759264160872,0.6506519455477393
2000-09-01,3.221429687322634,1.1143512138194196,0.6972020391737669
2000-10-01,3.66573053302497,1.511414388771774,0.8355674182969316
2000-11-01,3.7679453025704417,1.5937592430299752,0.8580963914949127
2000-12-01,3.786627679696912,1.5893370749136966,0.8569423719683316
2001-01-01,3.3987943030304257,1.1345846257956262,0.7053367566388175
2001-02-01,3.320259046039761,1.1592293983006647,0.7151065609133719
2001-03-01,3.275322881028066,1.0927738891196506,0.6884179399062694
2001-04-01,3.1992047668304915,0.9138745433417306,0.6118333271462524
2001-05-01,2.99409454916731,0.7755355730448281,0.5492722219495988
2001-06-01,3.0908823417484097,1.0091608624964334,0.65339329389617
2001-07-01,3.030825336534513,0.77675188238047,0.549830069203469
2001-08-01,3.0174429763564965,0.7502591873490307,0.537659078731912
2001-09-01,3.534254959925907,1.2167349523817168,0.7372827185231857
2001-10-01,3.433228929291901,1.033138057025131,0.6635888142640348
2001-11-01,2.9796090842665763,-0.06440749595504025,0.19785049764637783
2001-12-01,2.894863040235323,0.41436390064489537,0.3841398461632955
2002-01-01,2.9267066033984404,0.5684361047137592,0.4537787721674435
2002-02-01,2.961224934755379,0.7696170391815809,0.5465563805039088
2002-03-01,2.6127386599998257,0.28748347797588547,0.3293792635783468
2002-04-01,2.649669083245878,0.4063495347939288,0.3805977667812107
2002-05-01,2.7266109720343135,0.49828824624028023,0.4217602993184868
2002-06-01,3.2615351769522434,0.9392359112658064,0.6230434624632305
2002-07-01,4.057614473448054,1.5365050235747422,0.8426651712719793
2002-08-01,3.934130329366459,1.435095534872984,0.8127243113653346
2002-09-01,4.263755955308851,1.6117867223826252,0.8627355414847726
2002-10-01,4.309243195786829,1.4171331187620186,0.8070753533110262
2002-11-01,3.754399379107968,1.0300096484345538,0.6622651672599505
2002-12-01,3.6529048800724153,0.884516506078473,0.598739846089117
2003-01-01,3.5427627570077607,0.8362386657719076,0.5769718121707332
2003-02-01,3.4249538777745374,0.6317678479963731,0.4829525834768959
2003-03-01,3.187691969617008,0.1312193549389837,0.26674958660437886
2003-04-01,2.713838329878697,0.03220596004046916,0.23044291319036417
2003-05-01,2.7958014065957624,-0.49256684799165873,0.0892506613611193
2003-06-01,2.5305420888416505,-0.40480444197692034,0.1068043637365174
2003-07-01,2.4298908380653383,-1.053374036832385,0.02301448409206346
2003-08-01,2.384060738422287,-0.21575143639968308,0.15275966385487033
2003-09-01,2.4163585675112564,-0.5554213702208255,0.0780652833412556
2003-10-01,2.0957567035480418,-0.5344358933486468,0.08167500084372883
2003-11-01,2.0016541560655066,-0.5552778632221158,0.07808955015317558
2003-12-01,1.909077859586521,-0.5334918712562358,0.08184029153100456
2004-01-01,1.7831847060063457,-0.7204766822866984,0.05376039779074799
2004-02-01,1.9179989333827647,-0.3468645834484896,0.11968257165546012
2004-03-01,1.929099517325484,-0.5303532201038963,0.08239165681616811
2004-04-01,1.7633725205317112,-0.7457320858632162,0.05063811786361973
2004-05-01,1.9095392757487528,-0.36974000855895617,0.11447301899532046
2004-06-01,1.816771472529258,-0.38724346754230754,0.11059734275238609
2004-07-01,1.746600004602963,-0.32708782371357104,0.12431938379500895
2004-08-01,1.8724237628043567,-0.43484471169143,0.10053523520176796
2004-09-01,1.7601627368391906,-0.5547851863887614,0.07817290459266146
2004-10-01,1.753039257319034,-0.5432143794448843,0.08014999125278116
2004-11-01,1.5438334865946328,-0.6828698131895656,0.0586899611318484
2004-12-01,1.4726477125969109,-0.7295537567573349,0.0526211125069897
2005-01-01,1.71255538112019,-0.7112483547703026,0.05493860435148511
2005-02-01,1.5667747162393175,-0.929117127295001,0.03207289790519025
2005-03-01,1.8607730354249992,-0.6341540670510004,0.06559511987003
2005-04-01,2.146817735013468,-0.38004153456517686,0.11218047705280908
2005-05-01,2.117156422295368,-0.3061067228512808,0.12937435373611617
2005-06-01,1.9655317999452575,-0.4529365868775827,0.0968915625111417
2005-07-01,1.7249175111030184,-0.5549882531014465,0.0781385402041191
2005-08-01,1.81207284708812,-0.5569114169646496,0.07781365672322602
2005-09-01,1.8322645716280308,-0.4673471766587898,0.09405939659850251
2005-10-01,1.8839868560057496,-0.3464574850645765,0.11977677260354296
2005-11-01,1.8900289204870924,-0.31475945801192395,0.1272726550886195
2005-12-01,1.9528956718342596,-0.28402576563302606,0.13484627114836523
2006-01-01,1.7963625872655629,-0.3667037590493491,0.11515503751470348
2006-02-01,1.74827770009201,-0.3220242518105483,0.125526515093945
2006-03-01,1.717554817027521,-0.4066802948900521,0.10640481729583978
2006-04-01,1.637307807086898,-0.4521485291445883,0.09704822871116582
2006-05-01,1.6510413583868373,-0.35711765342522295,0.11732726371803928
2006-06-01,1.7581697721584482,-0.370189861551651,0.1143722157005413
2006-07-01,1.802562297642624,-0.27695958078933036,0.13663041453116292
2006-08-01,1.8125113497432916,-0.3071498019382737,0.12911972861756427
2006-09-01,1.8259918716820769,-0.3606299057819138,0.11652803776030184
2006-10-01,1.7192496951719984,-0.39434442716412055,0.10905214617755124
2006-11-01,1.709726099042411,-0.3641069934672996,0.11574062474410642
2006-12-01,1.5979880816089391,-0.4900718981599214,0.08971806874991535
2007-01-01,1.5037294521092102,-0.5537074248726077,0.07835548293492205
2007-02-01,1.5420730047565323,-0.5551126095067991,0.07811750138978885
2007-03-01,1.6031605405957825,-0.3734290027435821,0.11364825281007192
2007-04-01,1.5745826670337764,-0.3733377753075062,0.11366859774776064
2007-05-01,1.481772815898553,-0.5865928545647958,0.07292865336712127
2007-06-01,1.6455637133852798,-0.3749082483279591,0.11331872352965776
2007-07-01,2.156796359462648,0.02846164173956467,0.22912634492915204
2007-08-01,2.307004004824352,0.14349274568291648,0.27144333508914287
2007-09-01,2.273931782447814,0.07642468825197213,0.2463068146056777
2007-10-01,2.206177246102887,-0.0106258983106553,0.2156370060569728
2007-11-01,2.787618000070709,0.3389122127889479,0.3512146604936892
2007-12-01,2.8735936360134495,0.4858407939385878,0.41612619115935906
2008-01-01,3.2975432489386827,0.7212346317403262,0.5242847480522183
2008-02-01,3.574842413271944,0.9249250636863268,0.6167299117505629
2008-03-01,3.802370678231699,1.1501716548655296,0.7115338375199352
2008-04-01,3.2934172959083847,0.6731108016370135,0.5020564777982641
2008-05-01,3.1358970482105764,0.677148258234765,0.5039225734083947
2008-06-01,3.469489890632597,0.820306164731837,0.569732606204462
2008-07-01,3.708569226451896,1.0798973057124468,0.6831239061180874
2008-08-01,3.81727086128547,1.2272497026530873,0.7412399510921798
2008-09-01,4.821059588692306,1.8053950924008828,0.9060814248575658
2008-10-01,7.20911219936287,3.507444005618898,0.999497236435976
2008-11-01,7.9237942995117825,3.2973107657426013,0.9988386009938608
2008-12-01,7.728687714854133,3.4473739545615354,0.9993576578729644
2009-01-01,6.437825410517773,2.8581666711225417,0.9944053644355996
2009-02-01,6.260474692452845,3.2228950052855203,0.998458311050386
2009-03-01,6.362375539433036,2.7860482162687292,0.992919949901019
2009-04-01,5.4607020318109445,2.262205288917651,0.9675726691167952
2009-05-01,4.860686524064835,1.3914777194233985,0.7988288228286313
2009-06-01,4.227229035227391,0.9575701475695366,0.6310839824973752
2009-07-01,3.6120075106844975,0.35389665611451626,0.35767424009814336
2009-08-01,3.3880982926235905,0.08496435722719875,0.24943658103872343
2009-09-01,3.0184808323135037,0.06470552575819077,0.2420462732680392
2009-10-01,2.8969786608348103,-0.140384312393095,0.17428932888631612
2009-11-01,2.8952699310043517,-0.01159000711074798,0.21531021148339072
2009-12-01,2.453168536774221,-0.4705572074729027,0.09343692079079174
2010-01-01,2.446470874830625,-0.2041647052995428,0.15594961302091784
2010-02-01,2.4830655704887823,-0.00811630923871087,0.2164890044089284
2010-03-01,2.268883864647764,-0.16310263259409383,0.16760546476054555
2010-04-01,2.159630912593551,-0.2755214359528826,0.13699550011944295
2010-05-01,2.624810521836109,-0.1221062374215891,0.17978806702025826
2010-06-01,2.757918781940514,0.04546193648246799,0.2351377719666069
2010-07-01,2.5962925432266517,0.16199628007986888,0.27859659727683994
2010-08-01,2.746914909172103,-0.28119593711733604,0.13555884736517468
2010-09-01,2.5835532235999987,-0.01466125002755225,0.2142711000417742
2010-10-01,2.450000944411047,-0.02755868444175302,0.20993940474664968
2010-11-01,2.453678923328688,-0.1475676816802718,0.1721578649307612
2010-12-01,2.2576230374974804,-0.4145133858445016,0.10474807471080244
2011-01-01,2.1474453271283593,-0.03825728939699191,0.2063855674082221
2011-02-01,2.035437264084866,-0.281507953135669,0.13548015262111904
2011-03-01,2.0007819073500928,-0.32038706172383025,0.12591855753551345
2011-04-01,2.0132005896637035,-0.27545967532693094,0.13701119350645308
2011-05-01,2.1006693496194626,-0.15259160954669815,0.1706770837522095
2011-06-01,2.192389845747828,-0.03039326123395236,0.2089943365620456
2011-07-01,2.258796954503119,-0.07507144918680497,0.1944320437506643
2011-08-01,2.870677540797336,-0.09885354237143584,0.1869389907857864
2011-09-01,3.1585636995527073,0.4460255655128025,0.3982254135540341
2011-10-01,2.8450281627853955,-0.08571532538583071,0.1910561233919586
2011-11-01,3.0351401648222325,0.5033066154568524,0.4240363774050226
2011-12-01,2.9163016300631264,0.2778905634126101,0.32536723963981773
2012-01-01,2.795575459180884,0.17552915387514023,0.28388573324244526
2012-02-01,2.5424064460229476,0.04696305622689589,0.23567273208069683
2012-03-01,2.4697212776192767,-0.34379060648672644,0.12039517085248634
2012-04-01,2.5622068421477815,-0.17281276208041874,0.16479973303822562
2012-05-01,2.83822943618733,-0.07712054889260678,0.19377932319880284
2012-06-01,2.786785335779826,0.15755385917592157,0.2768708615241394
2012-07-01,2.6368477143519473,-0.01363818450894216,0.2146169152956737
2012-08-01,2.5631077867362717,-0.21218962555063747,0.15373562762207957
2012-09-01,2.438754832217231,-0.15972449866271488,0.1685887450058834
2012-10-01,2.2789320296629607,-0.18897764469078385,0.1601967967111397
2012-11-01,2.3750130160535172,-0.05861474038483871,0.19972255632494493
2012-12-01,2.267702701908941,-0.17362256386015007,0.1645671240252419
2013-01-01,2.145410111323566,-0.10706894511976904,0.18439263908377831
2013-02-01,2.1940115805785516,-0.04604075703540422,0.20382262049783267
2013-03-01,2.16969467797151,-0.1104824472367798,0.18334100507130835
2013-04-01,2.1090557917401784,-0.13861241543143654,0.17481765706791358
2013-05-01,2.018734314616869,-0.5016457824856606,0.08756509008623346
2013-06-01,2.195241544331997,-0.35423158121553566,0.11798689977014204
2013-07-01,2.069299194949821,-0.02489665374931116,0.21082922750154257
2013-08-01,2.04138917252853,-0.13026123328161177,0.17732140276681702
2013-09-01,2.110294838498943,-0.14496511821577185,0.17292817339933103
2013-10-01,2.01162532530163,-0.05713101853726687,0.2002037631415959
2013-11-01,1.965124735248917,-0.01859828456446033,0.21294333629441003
2013-12-01,1.8083424833839457,-0.1709640559133221,0.16533155658349305
2014-01-01,1.8681140758360064,-0.3191987476184748,0.12620364615265017
2014-02-01,1.7683253575519249,-0.22610067620089416,0.14994725519639185
2014-03-01,1.7183392026278494,-0.2885426946292795,0.13371420056380792
2014-04-01,1.6627734493911588,-0.36905373752630966,0.11462692077465948
2014-05-01,1.662010515986701,-0.38201517593217504,0.11174502732488396
2014-06-01,1.6310263332205517,-0.3166691919725515,0.1268120095435585
2014-07-01,1.6898809829492496,-0.3200882067204045,0.12599021357835177
2014-08-01,1.6844623048577148,-0.31466194713785134,0.12729620681068032
2014-09-01,1.837562158944495,-0.2118264699033734,0.1538353664564837
2014-10-01,1.9411178018736823,-0.21172899152517677,0.15386214568185327
2014-11-01,2.105875615452029,0.06241422111845862,0.2412179575485125
2014-12-01,2.1992523521055674,0.09539553896087538,0.2532880723993989
2015-01-01,2.2792935428023218,-0.02364409290054814,0.21124867837504913
2015-02-01,2.0300882962735503,-0.27092353327158625,0.1381671874388169
2015-03-01,2.141846200254985,-0.11643615571013656,0.18151575310158471
2015-04-01,2.1113097509085725,0.01012330076370382,0.22273954930435613
2015-05-01,2.118629634700724,0.05466465477339799,0.23842791074969055
2015-06-01,2.2370399772753724,0.14946821504223218,0.2737433510929904
2015-07-01,2.372280033118217,0.21392364796311325,0.2991477354707239
2015-08-01,2.4849735892443614,0.3997929280545738,0.3777073784160806
2015-09-01,2.7015589396828386,0.5384307023548014,0.44003371868822655
2015-10-01,2.470545703012846,0.4210437544754311,0.38709954229039045
2015-11-01,2.528384270603333,0.5091824633135871,0.4267045828553041
2015-12-01,2.745523731946029,0.6870454853777996,0.5084965839214208
2016-01-01,3.138335606796364,0.9196206757348556,0.6143817633530907
2016-02-01,3.1534976232279965,0.9483864222404264,0.627063358588701
2016-03-01,2.7309155425259157,0.5708669988005974,0.4548949852806773
2016-04-01,2.4518295572918203,0.22661825112905065,0.30427459325988293
2016-05-01,2.4212481299392983,0.2389290358744942,0.3092834726884349
2016-06-01,2.520712036802655,0.05396673943012065,0.23817751320749417
2016-07-01,2.3257648652574834,0.00177005989266643,0.21986429176439656
2016-08-01,2.1272771872160132,-0.03086641522706168,0.20883682803449183
2016-09-01,2.1177134990090773,-0.0815308237782717,0.19237901219517528
2016-10-01,1.9197502874842456,-0.08710753952717099,0.19061722840502915
2016-11-01,1.830549457477005,-0.7260832683197715,0.05305441839025727
2016-12-01,1.6919223063170217,-0.2513844770189413,0.14322241935828828
2017-01-01,1.6487663752798143,-0.20398942355916305,0.15599820466370126
2017-02-01,1.6009385023763991,-0.189592119976552,0.1600234995548774
2017-03-01,1.6362883644712332,-0.17943993693937088,0.16290238854271305
2017-04-01,1.623196726865021,-0.13188964714215246,0.1768314235060285
2017-05-01,1.587890029801751,-0.18087248359762387,0.16249412817777856
2017-06-01,1.565863335239751,-0.13949392397263227,0.17455468989893905
2017-07-01,1.5094762167446338,-0.16551240470776363,0.1669063095472057
2017-08-01,1.628646997418014,-0.09364332047563816,0.18856511011646565
2017-09-01,1.5113625649612117,-0.26860602372849773,0.13876034285228145
2017-10-01,1.440284368366226,-0.2291451653584251,0.1491265291498944
2017-11-01,1.4525680278008963,-0.14564717202921407,0.17272608660985242
2017-12-01,1.4110227419366277,-0.2070209358346322,0.15515921413420364
2018-01-01,1.2756702639237012,-0.4035592491198554,0.10707018014378147
2018-02-01,1.3764455319636302,-0.25180804626601616,0.14311152369346372
2018-03-01,1.5364252830925738,-0.11224234758321394,0.18280027779831728
2018-04-01,1.4469815913078656,-0.28854923726302806,0.1337125655472902
2018-05-01,1.5341829987402626,-0.20102030494375375,0.15682282042690457
2018-06-01,1.619933493519972,0.01779228583132242,0.2253980453770619
2018-07-01,1.4833340584171515,-0.13663227362807318,0.17540927921366775
2018-08-01,1.5214208695324232,-0.10511836790593287,0.18499525566897487
2018-09-01,1.4292845553631608,-0.18466016052622455,0.16141789142840413
2018-10-01,1.5836175244998365,-0.01377146794121775,0.2145718446365847
2018-11-01,1.7912742638116634,0.13186765312985993,0.2669964872076915
2018-12-01,2.0797062314497867,0.32491032421232124,0.3452172062644508
2019-01-01,1.8270947398984716,0.1558842071878268,0.2762236123762071
2019-02-01,1.645040713524465,0.04404610839062894,0.23463382278505768
2019-03-01,1.6755011545687954,-0.1411302314765421,0.1740672212598545
2019-04-01,1.5772728901094408,-0.02763278976847494,0.20991466557278687
2019-05-01,1.8190523003128232,-0.03587650162061906,0.20717331300589445
2019-06-01,1.689415917849189,-0.01540958686274973,0.21401835360573185
2019-07-01,1.6342855385377644,-0.06512912890870037,0.1976180306649572
2019-08-01,1.8110154033321475,-0.17536412395284962,0.16406759616624622
2019-09-01,1.7280044481091246,-0.25420144947845835,0.14248599125201278
2019-10-01,1.7056214853238905,-0.2473323051826446,0.1442862614248108
2019-11-01,1.6357842053966472,-0.19536881014198149,0.1584003264616214
2019-12-01,1.482250660285424,-0.3109667265661622,0.12819094539055872
2020-01-01,1.6645387466231327,-0.26672513163679334,0.13924302135953678
2020-02-01,1.9932553841841945,-0.16849105729567082,0.1660447068003084
2020-03-01,3.852718989452298,1.2115598075189,0.7353237433427967
2020-04-01,2.9105699140517465,0.6517821779256359,0.4921986974124109
2020-05-01,2.5409581376129964,0.38752245224905835,0.37231658357369474
2020-06-01,2.343780096137979,0.03731138051304628,0.23224486379659837
2020-07-01,2.049003562646391,-0.17676773546843405,0.16366571793518545
2020-08-01,1.9516118750994609,-0.30302226872022975,0.13012933210391572
2020-09-01,2.0690122291899393,-0.02067517885338743,0.2122448431340848
2020-10-01,1.944797052537001,-0.2276300951872534,0.14953458234922137
2020-11-01,1.683144610240645,-0.48625083725355744,0.0904374357267096
2020-12-01,1.496209568792524,-0.5246386736346984,0.08340270323733615
2021-01-01,1.455154150441932,-0.6754569734848197,0.0597022628986219
2021-02-01,1.3965109075511792,-0.957876028341198,0.02974971147466036
2021-03-01,1.3368553829469452,-0.7625671297534438,0.04863829546237629
2021-04-01,1.2747768176308167,-0.5039093621832815,0.08714856331373834
2021-05-01,1.2670049230174756,-0.44078797726728736,0.09932740716412596
2021-06-01,1.1872229192319643,-0.5940985813947957,0.07173134684299436
2021-07-01,1.2547830270672071,-0.561815115284561,0.07698990690171201
2021-08-01,1.24769346583105,-0.4885574028830737,0.09000268263092322
2021-09-01,1.192989229541113,-0.6503203719028035,0.06323703634435933
2021-10-01,1.185982101553205,-0.5266322759515849,0.08304893116646002
2021-11-01,1.3359390613639537,-0.44477534239086,0.09852303750109302
2021-12-01,1.2475451906338653,-0.4463433698342749,0.09820802983886948
2022-01-01,1.3630698546495696,-0.34492515453732886,0.12013181651170006
2022-02-01,1.5248605728936575,-0.2091619279695549,0.15456847890089834
2022-03-01,1.4173864651783197,-0.8013859471762412,0.04426742674519775
2022-04-01,1.593262258327217,-0.28850793797059704,0.1337228865488421
2022-05-01,1.5845832333822178,-0.1205675224797953,0.1802558923389471
2022-06-01,1.9447088075895491,0.0780730312054283,0.24690928384065716
2022-07-01,1.72543534017105,-0.00857873740937642,0.21633186512734837
2022-08-01,1.7220623441705698,-0.04277994748922431,0.20489402576943433
2022-09-01,1.8816923103583616,0.02828610969267431,0.22906472846947992
2022-10-01,1.6819455446301974,0.07809458788396295,0.24691716802632735
2022-11-01,1.5762858737668646,-0.24515386572520836,0.14486037677398098
2022-12-01,1.5230552297508086,-0.03267050864866316,0.20823690434850933
2023-01-01,1.42151570552497,-0.05468803728958149,0.20099759737891915
2023-02-01,1.4897693810181287,-0.1668471117391508,0.1665198772491602
2023-03-01,1.53180327996997,-0.21437091094638183,0.15313744973344867
2023-04-01,1.539313087161879,0.14046296316512152,0.270280831950267
2023-05-01,1.5719117351597145,0.0915749871810061,0.2518737961633389
2023-06-01,1.411378568490386,0.13995947519982388,0.2700878891504279
2023-07-01,1.307205261494406,-0.0154215697227702,0.21401430787619663
2023-08-01,1.3406206210856006,0.03813069306800809,0.23253476727242312
2023-09-01,1.3308396609910025,-0.04118828556131793,0.2054182125853311
2023-10-01,1.4256032488167685,0.19614647033087107,0.2920349109171053
2023-11-01,1.189498661311991,-0.09050732271715424,0.1895480519059823
2023-12-01,1.1383224938579553,-0.24394555049181732,0.1451794837080447
2024-01-01,1.1003194539666588,-0.09493002234667802,0.18816271943587085
2024-02-01,1.100976201664388,-0.15253833292975716,0.1706927439107409
2024-03-01,1.0498732072653902,-0.11255007653614137,0.1827058308005896
2024-04-01,1.013145125134443,-0.2267474278639665,0.14977265396055892
2024-05-01,0.9812701537728205,-0.1588312541224416,0.16884936214789348
2024-06-01,1.09178394593991,-0.05026784018339869,0.2024387079157234
