date,epu,epu_entilitlements,epu_finregulation,epu_fiscal,epu_govspending,epu_healthcare,epu_monetary,epu_natsecurity,epu_regulation,epu_sovdebtcurrency,epu_taxes,epu_trade,news_fsi,emv,emv_fincrisis,emv_finreg,emv_macronews
1889-01-01,,,,,,,,,,,,,99.911011993661,,,,
1889-04-01,,,,,,,,,,,,,99.5022367402264,,,,
1889-07-01,,,,,,,,,,,,,99.1580558965163,,,,
1889-10-01,,,,,,,,,,,,,99.7911798115737,,,,
1890-01-01,,,,,,,,,,,,,99.743354201036,,,,
1890-04-01,,,,,,,,,,,,,99.3449163446623,,,,
1890-07-01,,,,,,,,,,,,,99.6080617933284,,,,
1890-10-01,,,,,,,,,,,,,99.943075269977,,,,
1891-01-01,,,,,,,,,,,,,99.3719727524158,,,,
1891-04-01,,,,,,,,,,,,,99.2102654683576,,,,
1891-07-01,,,,,,,,,,,,,99.122827728004,,,,
1891-10-01,,,,,,,,,,,,,99.440640239624,,,,
1892-01-01,,,,,,,,,,,,,99.5313355909794,,,,
1892-04-01,,,,,,,,,,,,,99.1974059846897,,,,
1892-07-01,,,,,,,,,,,,,98.9851208466302,,,,
1892-10-01,,,,,,,,,,,,,99.202761795793,,,,
1893-01-01,,,,,,,,,,,,,99.3790026084334,,,,
1893-04-01,,,,,,,,,,,,,98.7131773525224,,,,
1893-07-01,,,,,,,,,,,,,99.3100600056144,,,,
1893-10-01,,,,,,,,,,,,,99.5194960663449,,,,
1894-01-01,,,,,,,,,,,,,99.7406233597356,,,,
1894-04-01,,,,,,,,,,,,,99.0186125920313,,,,
1894-07-01,,,,,,,,,,,,,99.1070256240215,,,,
1894-10-01,,,,,,,,,,,,,98.9731884250066,,,,
1895-01-01,,,,,,,,,,,,,98.947500109144,,,,
1895-04-01,,,,,,,,,,,,,98.9317840297061,,,,
1895-07-01,,,,,,,,,,,,,98.5041277672158,,,,
1895-10-01,,,,,,,,,,,,,98.6193787261931,,,,
1896-01-01,,,,,,,,,,,,,98.5803011330666,,,,
1896-04-01,,,,,,,,,,,,,98.3736209470166,,,,
1896-07-01,,,,,,,,,,,,,98.4950870825405,,,,
1896-10-01,,,,,,,,,,,,,98.6555802842048,,,,
1897-01-01,,,,,,,,,,,,,98.3943076708759,,,,
1897-04-01,,,,,,,,,,,,,98.717442748506,,,,
1897-07-01,,,,,,,,,,,,,98.2295508973273,,,,
1897-10-01,,,,,,,,,,,,,98.4978330515273,,,,
1898-01-01,,,,,,,,,,,,,98.4875526138243,,,,
1898-04-01,,,,,,,,,,,,,98.6897365238984,,,,
1898-07-01,,,,,,,,,,,,,98.6921199869534,,,,
1898-10-01,,,,,,,,,,,,,98.5690742001091,,,,
1899-01-01,,,,,,,,,,,,,98.3412933450236,,,,
1899-04-01,,,,,,,,,,,,,98.2480482441589,,,,
1899-07-01,,,,,,,,,,,,,98.5987445607347,,,,
1899-10-01,,,,,,,,,,,,,98.8233900970695,,,,
1900-01-01,,,,,,,,,,,,,99.8944058160768,,,,
1900-04-01,,,,,,,,,,,,,99.2287265466731,,,,
1900-07-01,,,,,,,,,,,,,99.1919159416573,,,,
1900-10-01,,,,,,,,,,,,,98.965942107122,,,,
1901-01-01,,,,,,,,,,,,,99.6315742202827,,,,
1901-04-01,,,,,,,,,,,,,99.7145573621121,,,,
1901-07-01,,,,,,,,,,,,,99.4714571532835,,,,
1901-10-01,,,,,,,,,,,,,99.0786940834914,,,,
1902-01-01,,,,,,,,,,,,,99.1832910261154,,,,
1902-04-01,,,,,,,,,,,,,98.8059844791689,,,,
1902-07-01,,,,,,,,,,,,,98.9543344738168,,,,
1902-10-01,,,,,,,,,,,,,98.9673188578537,,,,
1903-01-01,,,,,,,,,,,,,98.8031997570333,,,,
1903-04-01,,,,,,,,,,,,,99.3861814406571,,,,
1903-07-01,,,,,,,,,,,,,98.9797729168963,,,,
1903-10-01,,,,,,,,,,,,,98.8621641387501,,,,
1904-01-01,,,,,,,,,,,,,99.4867881350765,,,,
1904-04-01,,,,,,,,,,,,,99.0561023573652,,,,
1904-07-01,,,,,,,,,,,,,99.2093374912186,,,,
1904-10-01,,,,,,,,,,,,,98.841717021082,,,,
1905-01-01,,,,,,,,,,,,,99.4760880058679,,,,
1905-04-01,,,,,,,,,,,,,99.1061385637532,,,,
1905-07-01,,,,,,,,,,,,,98.7346901767316,,,,
1905-10-01,,,,,,,,,,,,,98.8422246096135,,,,
1906-01-01,,,,,,,,,,,,,99.3157014852918,,,,
1906-04-01,,,,,,,,,,,,,99.4590996505358,,,,
1906-07-01,,,,,,,,,,,,,99.3051642077496,,,,
1906-10-01,,,,,,,,,,,,,98.8109684463412,,,,
1907-01-01,,,,,,,,,,,,,99.1737854095629,,,,
1907-04-01,,,,,,,,,,,,,98.6900518697002,,,,
1907-07-01,,,,,,,,,,,,,99.0779223133341,,,,
1907-10-01,,,,,,,,,,,,,99.0899790554388,,,,
1908-01-01,,,,,,,,,,,,,99.3054745168642,,,,
1908-04-01,,,,,,,,,,,,,99.0048014802259,,,,
1908-07-01,,,,,,,,,,,,,98.8489147002512,,,,
1908-10-01,,,,,,,,,,,,,99.2605729635502,,,,
1909-01-01,,,,,,,,,,,,,99.5586730071205,,,,
1909-04-01,,,,,,,,,,,,,99.7426669694313,,,,
1909-07-01,,,,,,,,,,,,,99.5029876733719,,,,
1909-10-01,,,,,,,,,,,,,98.981464336413,,,,
1910-01-01,,,,,,,,,,,,,99.1861193218666,,,,
1910-04-01,,,,,,,,,,,,,99.2252517366996,,,,
1910-07-01,,,,,,,,,,,,,99.3542459622225,,,,
1910-10-01,,,,,,,,,,,,,99.5144405589164,,,,
1911-01-01,,,,,,,,,,,,,99.3259004503628,,,,
1911-04-01,,,,,,,,,,,,,98.9296909707079,,,,
1911-07-01,,,,,,,,,,,,,98.9051532347533,,,,
1911-10-01,,,,,,,,,,,,,98.8701890825935,,,,
1912-01-01,,,,,,,,,,,,,99.6309255446302,,,,
1912-04-01,,,,,,,,,,,,,99.1622745445716,,,,
1912-07-01,,,,,,,,,,,,,99.3221543527509,,,,
1912-10-01,,,,,,,,,,,,,99.3899232451727,,,,
1913-01-01,,,,,,,,,,,,,99.8470621904123,,,,
1913-04-01,,,,,,,,,,,,,100.351225052566,,,,
1913-07-01,,,,,,,,,,,,,100.252467282134,,,,
1913-10-01,,,,,,,,,,,,,99.8208986258916,,,,
1914-01-01,,,,,,,,,,,,,99.5958479166628,,,,
1914-04-01,,,,,,,,,,,,,99.0735967410166,,,,
1914-07-01,,,,,,,,,,,,,99.7602779799726,,,,
1914-10-01,,,,,,,,,,,,,99.6822457642645,,,,
1915-01-01,,,,,,,,,,,,,99.8405755963857,,,,
1915-04-01,,,,,,,,,,,,,99.1906457742224,,,,
1915-07-01,,,,,,,,,,,,,99.4282445612985,,,,
1915-10-01,,,,,,,,,,,,,99.4100748775112,,,,
1916-01-01,,,,,,,,,,,,,99.3995108014129,,,,
1916-04-01,,,,,,,,,,,,,98.9139666862223,,,,
1916-07-01,,,,,,,,,,,,,99.4813548570231,,,,
1916-10-01,,,,,,,,,,,,,99.2131968351908,,,,
1917-01-01,,,,,,,,,,,,,99.8437460512644,,,,
1917-04-01,,,,,,,,,,,,,99.9697747901847,,,,
1917-07-01,,,,,,,,,,,,,99.9588202457261,,,,
1917-10-01,,,,,,,,,,,,,100.48315459584,,,,
1918-01-01,,,,,,,,,,,,,99.9622499829868,,,,
1918-04-01,,,,,,,,,,,,,99.7028092889879,,,,
1918-07-01,,,,,,,,,,,,,99.8834094127073,,,,
1918-10-01,,,,,,,,,,,,,99.9296661824557,,,,
1919-01-01,,,,,,,,,,,,,99.9390318981578,,,,
1919-04-01,,,,,,,,,,,,,99.6943759318647,,,,
1919-07-01,,,,,,,,,,,,,99.6701300420166,,,,
1919-10-01,,,,,,,,,,,,,99.7357537515659,,,,
1920-01-01,,,,,,,,,,,,,99.8289101881222,,,,
1920-04-01,,,,,,,,,,,,,99.5275578627948,,,,
1920-07-01,,,,,,,,,,,,,99.3604378366122,,,,
1920-10-01,,,,,,,,,,,,,99.4484185742983,,,,
1921-01-01,,,,,,,,,,,,,100.234919368156,,,,
1921-04-01,,,,,,,,,,,,,99.7127634278572,,,,
1921-07-01,,,,,,,,,,,,,99.7664956117513,,,,
1921-10-01,,,,,,,,,,,,,99.6264512138972,,,,
1922-01-01,,,,,,,,,,,,,99.6688270260117,,,,
1922-04-01,,,,,,,,,,,,,99.7228396181478,,,,
1922-07-01,,,,,,,,,,,,,100.150315068286,,,,
1922-10-01,,,,,,,,,,,,,99.6646608892366,,,,
1923-01-01,,,,,,,,,,,,,99.9364395276534,,,,
1923-04-01,,,,,,,,,,,,,99.3192409774315,,,,
1923-07-01,,,,,,,,,,,,,99.3956703598649,,,,
1923-10-01,,,,,,,,,,,,,99.214283337639,,,,
1924-01-01,,,,,,,,,,,,,99.4190121772587,,,,
1924-04-01,,,,,,,,,,,,,98.8059299097352,,,,
1924-07-01,,,,,,,,,,,,,99.095173407661,,,,
1924-10-01,,,,,,,,,,,,,99.3157488605643,,,,
1925-01-01,,,,,,,,,,,,,99.5729871215576,,,,
1925-04-01,,,,,,,,,,,,,99.5398453952682,,,,
1925-07-01,,,,,,,,,,,,,100.110840609739,,,,
1925-10-01,,,,,,,,,,,,,100.214730405122,,,,
1926-01-01,,,,,,,,,,,,,100.340950001177,,,,
1926-04-01,,,,,,,,,,,,,99.9419830295816,,,,
1926-07-01,,,,,,,,,,,,,99.9415563459232,,,,
1926-10-01,,,,,,,,,,,,,99.5007301020039,,,,
1927-01-01,,,,,,,,,,,,,99.5412652673009,,,,
1927-04-01,,,,,,,,,,,,,99.169358959807,,,,
1927-07-01,,,,,,,,,,,,,98.9701920487804,,,,
1927-10-01,,,,,,,,,,,,,99.2609170006716,,,,
1928-01-01,,,,,,,,,,,,,99.4259488582723,,,,
1928-04-01,,,,,,,,,,,,,99.2619595304107,,,,
1928-07-01,,,,,,,,,,,,,99.4899879627165,,,,
1928-10-01,,,,,,,,,,,,,99.5215032213249,,,,
1929-01-01,,,,,,,,,,,,,100.15581376931,,,,
1929-04-01,,,,,,,,,,,,,100.125413247668,,,,
1929-07-01,,,,,,,,,,,,,100.429731115442,,,,
1929-10-01,,,,,,,,,,,,,100.987392433388,,,,
1930-01-01,,,,,,,,,,,,,99.9518985280905,,,,
1930-04-01,,,,,,,,,,,,,100.317679835111,,,,
1930-07-01,,,,,,,,,,,,,100.315397610989,,,,
1930-10-01,,,,,,,,,,,,,100.341824310354,,,,
1931-01-01,,,,,,,,,,,,,100.312285589714,,,,
1931-04-01,,,,,,,,,,,,,100.508178949928,,,,
1931-07-01,,,,,,,,,,,,,101.365268273777,,,,
1931-10-01,,,,,,,,,,,,,101.112657206246,,,,
1932-01-01,,,,,,,,,,,,,101.684575834321,,,,
1932-04-01,,,,,,,,,,,,,101.672289027634,,,,
1932-07-01,,,,,,,,,,,,,101.401610059299,,,,
1932-10-01,,,,,,,,,,,,,102.495945683349,,,,
1933-01-01,,,,,,,,,,,,,102.693973920326,,,,
1933-04-01,,,,,,,,,,,,,101.783569507891,,,,
1933-07-01,,,,,,,,,,,,,100.974441437147,,,,
1933-10-01,,,,,,,,,,,,,101.130852338996,,,,
1934-01-01,,,,,,,,,,,,,101.106259812212,,,,
1934-04-01,,,,,,,,,,,,,101.023272602344,,,,
1934-07-01,,,,,,,,,,,,,100.317049653075,,,,
1934-10-01,,,,,,,,,,,,,100.106043243266,,,,
1935-01-01,,,,,,,,,,,,,100.740624425828,,,,
1935-04-01,,,,,,,,,,,,,99.969415399486,,,,
1935-07-01,,,,,,,,,,,,,99.8024568106936,,,,
1935-10-01,,,,,,,,,,,,,100.251055751297,,,,
1936-01-01,,,,,,,,,,,,,100.310319221026,,,,
1936-04-01,,,,,,,,,,,,,99.9070872012463,,,,
1936-07-01,,,,,,,,,,,,,99.6393034279099,,,,
1936-10-01,,,,,,,,,,,,,99.2518438200821,,,,
1937-01-01,,,,,,,,,,,,,99.553308131623,,,,
1937-04-01,,,,,,,,,,,,,99.6977215010839,,,,
1937-07-01,,,,,,,,,,,,,99.6869087275152,,,,
1937-10-01,,,,,,,,,,,,,99.7087672094577,,,,
1938-01-01,,,,,,,,,,,,,100.514497963547,,,,
1938-04-01,,,,,,,,,,,,,100.157928335806,,,,
1938-07-01,,,,,,,,,,,,,99.8593632943469,,,,
1938-10-01,,,,,,,,,,,,,99.5622120413264,,,,
1939-01-01,,,,,,,,,,,,,100.156229108773,,,,
1939-04-01,,,,,,,,,,,,,99.8621206354525,,,,
1939-07-01,,,,,,,,,,,,,99.8665027557795,,,,
1939-10-01,,,,,,,,,,,,,99.8644715417678,,,,
1940-01-01,,,,,,,,,,,,,100.121527250346,,,,
1940-04-01,,,,,,,,,,,,,99.4911179998684,,,,
1940-07-01,,,,,,,,,,,,,99.5389835979413,,,,
1940-10-01,,,,,,,,,,,,,99.207240495789,,,,
1941-01-01,,,,,,,,,,,,,99.696869803922,,,,
1941-04-01,,,,,,,,,,,,,99.3519349310822,,,,
1941-07-01,,,,,,,,,,,,,99.5574153254351,,,,
1941-10-01,,,,,,,,,,,,,99.6281382704917,,,,
1942-01-01,,,,,,,,,,,,,100.261234414681,,,,
1942-04-01,,,,,,,,,,,,,100.126484894676,,,,
1942-07-01,,,,,,,,,,,,,100.032128327773,,,,
1942-10-01,,,,,,,,,,,,,99.607221304184,,,,
1943-01-01,,,,,,,,,,,,,100.386101155631,,,,
1943-04-01,,,,,,,,,,,,,99.8548874763968,,,,
1943-07-01,,,,,,,,,,,,,100.010685623521,,,,
1943-10-01,,,,,,,,,,,,,99.9619245299166,,,,
1944-01-01,,,,,,,,,,,,,100.240654013411,,,,
1944-04-01,,,,,,,,,,,,,99.6651559569052,,,,
1944-07-01,,,,,,,,,,,,,99.8920612767197,,,,
1944-10-01,,,,,,,,,,,,,100.227471342389,,,,
1945-01-01,,,,,,,,,,,,,99.7915624967553,,,,
1945-04-01,,,,,,,,,,,,,100.264272308415,,,,
1945-07-01,,,,,,,,,,,,,99.6610685763406,,,,
1945-10-01,,,,,,,,,,,,,99.6140629520178,,,,
1946-01-01,,,,,,,,,,,,,99.8932764447439,,,,
1946-04-01,,,,,,,,,,,,,99.9135685811913,,,,
1946-07-01,,,,,,,,,,,,,99.6932524703846,,,,
1946-10-01,,,,,,,,,,,,,99.821810894839,,,,
1947-01-01,,,,,,,,,,,,,100.077879002866,,,,
1947-04-01,,,,,,,,,,,,,100.247233651025,,,,
1947-07-01,,,,,,,,,,,,,99.9218488887454,,,,
1947-10-01,,,,,,,,,,,,,99.8882553875536,,,,
1948-01-01,,,,,,,,,,,,,100.132045381325,,,,
1948-04-01,,,,,,,,,,,,,99.2765423180355,,,,
1948-07-01,,,,,,,,,,,,,99.3484938030592,,,,
1948-10-01,,,,,,,,,,,,,99.3976941194123,,,,
1949-01-01,,,,,,,,,,,,,99.628987867775,,,,
1949-04-01,,,,,,,,,,,,,99.6391732608098,,,,
1949-07-01,,,,,,,,,,,,,99.7387180764256,,,,
1949-10-01,,,,,,,,,,,,,99.281764697701,,,,
1950-01-01,,,,,,,,,,,,,99.4350793866814,,,,
1950-04-01,,,,,,,,,,,,,99.3571991192319,,,,
1950-07-01,,,,,,,,,,,,,99.1149404887644,,,,
1950-10-01,,,,,,,,,,,,,99.2463256517138,,,,
1951-01-01,,,,,,,,,,,,,99.4336256818132,,,,
1951-04-01,,,,,,,,,,,,,99.1837818794006,,,,
1951-07-01,,,,,,,,,,,,,99.0736730410984,,,,
1951-10-01,,,,,,,,,,,,,98.8923463042781,,,,
1952-01-01,,,,,,,,,,,,,99.5115659648091,,,,
1952-04-01,,,,,,,,,,,,,99.199054877301,,,,
1952-07-01,,,,,,,,,,,,,99.3203656874245,,,,
1952-10-01,,,,,,,,,,,,,98.9872950183491,,,,
1953-01-01,,,,,,,,,,,,,99.0169045558774,,,,
1953-04-01,,,,,,,,,,,,,99.3301830805284,,,,
1953-07-01,,,,,,,,,,,,,99.100657781953,,,,
1953-10-01,,,,,,,,,,,,,98.7954079000417,,,,
1954-01-01,,,,,,,,,,,,,99.2668346816752,,,,
1954-04-01,,,,,,,,,,,,,98.8588098961172,,,,
1954-07-01,,,,,,,,,,,,,98.9372879126015,,,,
1954-10-01,,,,,,,,,,,,,98.7991508293102,,,,
1955-01-01,,,,,,,,,,,,,99.039665233682,,,,
1955-04-01,,,,,,,,,,,,,98.6819883292747,,,,
1955-07-01,,,,,,,,,,,,,98.97981183721,,,,
1955-10-01,,,,,,,,,,,,,98.7583901578276,,,,
1956-01-01,,,,,,,,,,,,,98.8618332833077,,,,
1956-04-01,,,,,,,,,,,,,98.6715249530146,,,,
1956-07-01,,,,,,,,,,,,,98.7260181837196,,,,
1956-10-01,,,,,,,,,,,,,98.5983175852547,,,,
1957-01-01,,,,,,,,,,,,,98.9612846699988,,,,
1957-04-01,,,,,,,,,,,,,98.9222990978227,,,,
1957-07-01,,,,,,,,,,,,,98.7763819994264,,,,
1957-10-01,,,,,,,,,,,,,99.0268995872387,,,,
1958-01-01,,,,,,,,,,,,,99.1664871110728,,,,
1958-04-01,,,,,,,,,,,,,98.914843619993,,,,
1958-07-01,,,,,,,,,,,,,98.9023719996778,,,,
1958-10-01,,,,,,,,,,,,,98.9067454565076,,,,
1959-01-01,,,,,,,,,,,,,98.9572864452956,,,,
1959-04-01,,,,,,,,,,,,,99.008982509596,,,,
1959-07-01,,,,,,,,,,,,,98.8483942669771,,,,
1959-10-01,,,,,,,,,,,,,98.7580502105825,,,,
1960-01-01,,,,,,,,,,,,,98.76192929574,,,,
1960-04-01,,,,,,,,,,,,,98.6061623431931,,,,
1960-07-01,,,,,,,,,,,,,98.86301230526,,,,
1960-10-01,,,,,,,,,,,,,98.965398557211,,,,
1961-01-01,,,,,,,,,,,,,98.9817376940151,,,,
1961-04-01,,,,,,,,,,,,,98.9370804787292,,,,
1961-07-01,,,,,,,,,,,,,98.7606316579312,,,,
1961-10-01,,,,,,,,,,,,,98.5761228554036,,,,
1962-01-01,,,,,,,,,,,,,99.1433628974379,,,,
1962-04-01,,,,,,,,,,,,,99.0942370950653,,,,
1962-07-01,,,,,,,,,,,,,98.9433999365397,,,,
1962-10-01,,,,,,,,,,,,,98.7461093069983,,,,
1963-01-01,,,,,,,,,,,,,98.7156343690581,,,,
1963-04-01,,,,,,,,,,,,,98.786148566051,,,,
1963-07-01,,,,,,,,,,,,,98.9948973777938,,,,
1963-10-01,,,,,,,,,,,,,98.7634616429529,,,,
1964-01-01,,,,,,,,,,,,,98.7081714867283,,,,
1964-04-01,,,,,,,,,,,,,98.648950587012,,,,
1964-07-01,,,,,,,,,,,,,98.4541621813781,,,,
1964-10-01,,,,,,,,,,,,,98.6361673101305,,,,
1965-01-01,,,,,,,,,,,,,98.7352776711547,,,,
1965-04-01,,,,,,,,,,,,,98.6214397801997,,,,
1965-07-01,,,,,,,,,,,,,98.5527825714065,,,,
1965-10-01,,,,,,,,,,,,,98.6863061094448,,,,
1966-01-01,,,,,,,,,,,,,98.8794251422358,,,,
1966-04-01,,,,,,,,,,,,,98.8908380251264,,,,
1966-07-01,,,,,,,,,,,,,99.4333024718218,,,,
1966-10-01,,,,,,,,,,,,,99.1449860634437,,,,
1967-01-01,,,,,,,,,,,,,99.5260583862327,,,,
1967-04-01,,,,,,,,,,,,,99.501857312882,,,,
1967-07-01,,,,,,,,,,,,,99.2380543468434,,,,
1967-10-01,,,,,,,,,,,,,99.4695284804611,,,,
1968-01-01,,,,,,,,,,,,,99.5956906000748,,,,
1968-04-01,,,,,,,,,,,,,99.2874122815101,,,,
1968-07-01,,,,,,,,,,,,,99.0298443302922,,,,
1968-10-01,,,,,,,,,,,,,99.2827780595009,,,,
1969-01-01,,,,,,,,,,,,,99.6107749639431,,,,
1969-04-01,,,,,,,,,,,,,99.3845697555417,,,,
1969-07-01,,,,,,,,,,,,,99.6428313114391,,,,
1969-10-01,,,,,,,,,,,,,99.5994579206014,,,,
1970-01-01,,,,,,,,,,,,,100.112031329982,,,,
1970-04-01,,,,,,,,,,,,,99.9672774517908,,,,
1970-07-01,,,,,,,,,,,,,99.826992430005,,,,
1970-10-01,,,,,,,,,,,,,99.8993315746068,,,,
1971-01-01,,,,,,,,,,,,,100.160918259003,,,,
1971-04-01,,,,,,,,,,,,,99.9307121395254,,,,
1971-07-01,,,,,,,,,,,,,100.223611450198,,,,
1971-10-01,,,,,,,,,,,,,99.7509716976665,,,,
1972-01-01,,,,,,,,,,,,,99.8150620026318,,,,
1972-04-01,,,,,,,,,,,,,99.7501084742579,,,,
1972-07-01,,,,,,,,,,,,,99.5327360544967,,,,
1972-10-01,,,,,,,,,,,,,99.4203653737352,,,,
1973-01-01,,,,,,,,,,,,,100.144834029121,,,,
1973-04-01,,,,,,,,,,,,,99.9294902613605,,,,
1973-07-01,,,,,,,,,,,,,99.904912528668,,,,
1973-10-01,,,,,,,,,,,,,100.384888210774,,,,
1974-01-01,,,,,,,,,,,,,100.398311724679,,,,
1974-04-01,,,,,,,,,,,,,100.142343527319,,,,
1974-07-01,,,,,,,,,,,,,100.856870541698,,,,
1974-10-01,,,,,,,,,,,,,101.425284072656,,,,
1975-01-01,,,,,,,,,,,,,101.194855319955,,,,
1975-04-01,,,,,,,,,,,,,100.364689752249,,,,
1975-07-01,,,,,,,,,,,,,100.224827928425,,,,
1975-10-01,,,,,,,,,,,,,100.352850705968,,,,
1976-01-01,,,,,,,,,,,,,99.953299326873,,,,
1976-04-01,,,,,,,,,,,,,99.8243792072384,,,,
1976-07-01,,,,,,,,,,,,,99.752194553663,,,,
1976-10-01,,,,,,,,,,,,,100.271510450671,,,,
1977-01-01,,,,,,,,,,,,,100.341455054288,,,,
1977-04-01,,,,,,,,,,,,,99.8970498521141,,,,
1977-07-01,,,,,,,,,,,,,100.030421959263,,,,
1977-10-01,,,,,,,,,,,,,100.269582090841,,,,
1978-01-01,,,,,,,,,,,,,100.855563344913,,,,
1978-04-01,,,,,,,,,,,,,100.371019012445,,,,
1978-07-01,,,,,,,,,,,,,100.389282626336,,,,
1978-10-01,,,,,,,,,,,,,100.293666759892,,,,
1979-01-01,,,,,,,,,,,,,100.259069510414,,,,
1979-04-01,,,,,,,,,,,,,100.326539802571,,,,
1979-07-01,,,,,,,,,,,,,100.392814274246,,,,
1979-10-01,,,,,,,,,,,,,100.63056941188,,,,
1980-01-01,,,,,,,,,,,,,101.012751130405,,,,
1980-04-01,,,,,,,,,,,,,101.230562718086,,,,
1980-07-01,,,,,,,,,,,,,100.464721241607,,,,
1980-10-01,,,,,,,,,,,,,100.563997187181,,,,
1981-01-01,,,,,,,,,,,,,101.199751370212,,,,
1981-04-01,,,,,,,,,,,,,100.957707941529,,,,
1981-07-01,,,,,,,,,,,,,101.114725931177,,,,
1981-10-01,,,,,,,,,,,,,101.117632927834,,,,
1982-01-01,,,,,,,,,,,,,101.42845082649,,,,
1982-04-01,,,,,,,,,,,,,101.557922059977,,,,
1982-07-01,,,,,,,,,,,,,102.137428189996,,,,
1982-10-01,,,,,,,,,,,,,101.372328279446,,,,
1983-01-01,,,,,,,,,,,,,101.061463682088,,,,
1983-04-01,,,,,,,,,,,,,100.82198456034,,,,
1983-07-01,,,,,,,,,,,,,100.808536517663,,,,
1983-10-01,,,,,,,,,,,,,100.716315115529,,,,
1984-01-01,,,,,,,,,,,,,100.592233752139,,,,
1984-04-01,,,,,,,,,,,,,100.594337236219,,,,
1984-07-01,,,,,,,,,,,,,100.676295096494,,,,
1984-10-01,,,,,,,,,,,,,100.774342526293,,,,
1985-01-01,163.414077166542,151.512786315655,87.5895664759855,188.559635764057,240.386288906109,58.7414051666509,203.113142493641,122.609538733566,90.1339027529035,79.6623880325382,183.543574783238,90.7673040162314,100.633619185626,10.5877968780998,0.0808273665499688,1.46953237768292,7.62575198987281
1985-04-01,120.170520763919,86.1643871577945,72.2193100558448,145.755733076983,162.695555693628,39.9054533185238,128.753785437524,118.876950830607,71.6242818505389,31.8679559648355,135.986793804704,157.436046638248,100.648254211919,9.04312383705584,0.0456906727903902,1.15442046448785,7.03921997042477
1985-07-01,111.633374197675,93.1595891385302,38.4963486073148,111.607845489891,181.952488344863,35.6247980296641,132.77610894528,115.228793012547,49.5982122692578,145.446156897112,104.189127896366,149.505091356228,100.948994927314,11.1592150997077,0.163983928278942,1.79981506441389,8.33280032218048
1985-10-01,109.5480603487,53.2349049063479,43.6352407777163,118.520848831927,142.829731935738,16.0778748866833,84.1388894784061,92.3744030623204,93.522881109503,120.686884674501,103.243312333264,95.1236729026026,100.959801896712,10.4853891715352,0.0422637684362112,1.24455400737091,7.78692961158386
1986-01-01,136.351591730772,76.0479172602027,119.992117193928,173.736855097832,272.929605220936,68.506976480112,138.261689353715,135.839083056217,143.29249511299,61.3400115919918,151.823406133012,107.934432767777,101.283761803661,11.783533290842,0.0488492785642648,1.43427647063248,8.56806146664918
1986-04-01,128.097027439628,32.0930176661016,85.8660892001421,128.723951791656,134.048689825485,34.7030478493264,143.915460138281,116.785320516003,96.7935874580347,134.725558232079,125.200743159727,130.556540208843,100.945716484379,11.3525819455059,0.0680332158949517,1.66049553700359,8.60824938960838
1986-07-01,150.364213775598,53.3504288747711,59.4859775637017,196.963217579257,183.371808025235,46.7859544895066,161.189486800076,91.7626942582378,79.7940660902145,132.334037918968,203.797512051266,80.2916180916286,101.087838328225,15.2951431649978,0.0698831985948866,2.09506722131952,11.2850746029243
1986-10-01,100.701643861798,81.771116216325,121.411182375808,126.710498958707,161.394042793747,63.0261810791324,70.3839603278936,101.192274253877,90.1543595621008,54.0375670732736,126.581242594352,91.6652158192216,100.554744002755,12.7489064960271,0.063087750930215,2.93218358130806,8.36971425937556
1987-01-01,91.0948448939135,60.5631919906541,94.6765399844206,107.443910128888,115.28184800109,58.783388014166,73.234829360714,67.6083630737335,97.2172944905423,81.0337952219747,109.750062865549,94.2590032546864,101.102016092938,13.8861092762197,0.207897929910939,2.39815624021099,9.70098559218778
1987-04-01,98.0474678126171,62.3492749012247,85.1778004864943,84.714840239929,92.5129422830357,38.8458400141746,109.88896598511,97.8418337902418,93.3479443270835,94.7697227113746,79.4734262004905,128.11421462597,101.166103921367,14.1552987528986,0.0754933048886159,2.24071910463417,10.6189030098339
1987-07-01,70.5790779427045,34.3300036987951,60.6736388021899,60.7366843911281,83.919384072373,36.9996115707633,49.53440845447,69.1419914574819,64.166697134295,59.0765352861331,55.2384424260158,58.1546569984791,100.874961863446,11.4278632397745,0.0827094386502572,2.11289895814033,8.36601046155779
1987-10-01,190.144788151883,123.010604991331,397.701064573288,219.261322824425,419.209789718446,57.5927645733408,286.539679614703,153.488482354035,158.149037718379,286.661741968467,156.670475630917,142.283445406184,101.721250850322,49.3356801588052,0.92274721068085,7.37465682719818,36.0833029065177
1988-01-01,129.014162983482,94.4333075095474,175.332604702581,141.499366057793,186.246483490383,88.210049984591,152.450937492416,78.6225892210199,132.960246896513,162.43653505294,125.503515894564,119.241278896944,100.67900021723,25.0171119959016,0.143620066978672,4.36229775518382,17.6768664694153
1988-04-01,87.5571935384221,44.4610838557448,75.0382135025848,75.2667556195708,74.6177071528491,31.7926733939796,67.8020263047991,90.0831368024542,69.5360234238444,38.7422795836854,70.8536032259796,83.4927607429105,100.258800658284,19.8388211139697,0.214636542031841,4.28832197308296,14.0174842535147
1988-07-01,91.212470708973,45.11586377455,34.2115326822352,70.5896526345295,82.5767018882714,55.2150477852308,79.9034667185702,82.2986814781512,66.4986255463027,115.744252736234,64.4154637916343,76.9930711190023,100.634234027338,15.3131450125496,0.0568065818468828,2.81872564451599,11.1443800464892
1988-10-01,104.931370133125,65.2758055685754,94.1305782965212,112.132633814127,173.762416853442,57.0031894079981,129.866113340772,101.036195374738,85.2500631575008,150.649434982979,99.2199413494566,121.841437886602,100.518909562314,17.5856614810232,0.288720693233231,2.97134805753111,12.8846445606539
1989-01-01,83.969459542741,61.5753308953942,140.140209818627,93.0324510717216,101.481616793035,62.5307190384919,67.3780393330379,70.5260849172905,113.25147984201,54.0155709181847,88.7849602415928,71.5019124535951,101.196438841646,14.5493351338838,0.103253670704473,2.24436035474899,11.0222977816328
1989-04-01,89.2070008443943,51.098978230762,134.27785585906,61.0843395375061,64.1698017440797,34.00492647901,88.4135996416496,88.4534097080776,86.9869068729424,118.737920626385,58.8032563134842,77.0328247979299,100.649555956622,13.42792483242,0.0333312984225008,2.26849928748163,10.6187329931599
1989-07-01,80.9940787230008,33.6188597927504,72.9333923171879,59.4223603158147,64.2067712361808,27.8290035518221,76.3566925540749,85.3368233798464,74.2577922145139,30.7170724121119,53.7329793343279,82.1443312915798,100.731650402626,14.4792236898623,0.0675782747430801,2.55276484595405,10.7303260408351
1989-10-01,96.9768106813681,38.7795858698048,105.634243657011,76.5455519871482,94.096383238296,35.3533466642472,84.6193130646872,110.795354710418,88.579353255198,65.7059331834027,67.1454608962601,87.2022088813437,101.072527049932,20.1053587084487,0.355098083353768,3.55436236224852,13.9159056716061
1990-01-01,110.386424149406,75.0220924181825,89.302599500822,92.958637868043,111.099195917489,68.9113216875783,86.4178782483337,125.77542745899,124.742948461747,43.9854313816388,79.8992931387592,74.627126928556,101.202909028863,19.22639384917,0.290179497293347,3.18949538283069,14.0779961288478
1990-04-01,97.8113864210935,29.5443391207302,107.613336570332,71.991683982808,92.4177885085456,22.6961619278004,55.884797998744,98.0657384917073,122.715916535435,74.2522508635635,62.6714752256734,197.273934345165,101.08978474819,13.8197454270916,0.158975911812333,2.21141405143964,9.97105304733476
1990-07-01,149.209206044423,65.3334209043591,280.205466974221,151.185056930538,236.3832543175,68.9788695545894,145.86041439839,214.491091752019,168.226736461604,32.1252636667929,128.676472379252,83.4502829327619,101.51216113176,18.0486384485572,0.0693163940522301,2.75470368824638,13.9535800577605
1990-10-01,172.742991261083,137.521392305264,216.02486038279,201.508884998944,281.985712491983,117.157649620755,164.710049766301,264.895002624131,122.536502399962,118.920267958293,174.708290509618,108.025880344489,101.471222907291,17.5431762465781,0.20466702650224,2.42473615331376,13.1831159696154
1991-01-01,182.647532081926,229.568370214364,371.88068175566,169.502230406967,263.373247567985,190.274769089576,230.791705592635,430.613682681253,222.176900530879,0,156.196370489889,125.034915847041,101.723333030566,17.6025092305161,0.108475455657273,2.7727596715771,14.2612934577696
1991-04-01,91.8950613509414,46.9753802699173,95.2145977847814,65.3618051504227,47.1656483327,53.5614340099321,72.8720786404266,105.561934924341,70.1158820816224,14.335766432956,66.195127083061,89.6279912337174,101.027986392532,14.8070016671615,0.088794219489077,2.28944863645818,10.8129649374612
1991-07-01,109.750153563687,62.8878437826693,118.283564314158,77.8932596297644,82.458271656933,68.4722109077473,91.7924138882261,113.246088630375,102.29926186495,51.6537779587942,70.6029897519558,66.597800529487,101.197844681773,14.201548372521,0.0700857864601625,2.37661536958228,10.9217698446528
1991-10-01,156.688714718301,140.48452963923,254.606168517949,159.279660832402,131.151011512938,119.69609002649,157.638646136019,165.649464228527,148.778446806251,35.3254034786802,166.102142858787,136.154220806235,101.761421091881,16.1537984341771,0.138538107002273,2.17003192596755,12.3890571823539
1992-01-01,152.409784317909,144.973711552907,87.0230157006657,172.187857576102,150.679792258807,152.268049963463,138.391254022944,171.079193476049,126.24806785966,21.4428936395158,177.609486357461,132.782297278452,101.387864674353,17.8232493412024,0.107180624769875,2.5491701249127,14.012958132894
1992-04-01,102.861517523472,76.1911786734846,76.5251381825264,86.547144135818,90.6658109643487,72.4335980216006,68.5669271104685,99.5310324447475,93.3851335574295,47.1902973451155,80.0172762424659,127.568861279085,100.961011501565,16.016431850761,0.10655583824193,2.04244203857805,11.5613381310665
1992-07-01,147.391386429819,93.4178757118767,75.6382747860858,148.568691492955,178.535807365347,141.961712608882,170.300338809988,145.553380082765,126.185497661828,542.761574548373,145.73586647256,229.445363344619,101.366220323386,14.7966810381747,0.169792738675645,1.67087934239522,11.4256761827944
1992-10-01,148.132467680916,101.738332796884,93.1063254041152,158.436425453721,193.90293082746,181.196787772217,123.296437027951,158.71893569865,128.157621861495,224.502799433085,148.069683652074,288.966189165093,101.117059880875,14.5138151779358,0.146114613225013,1.96292295233139,10.8320849586293
1993-01-01,119.778331344811,148.399922236751,68.7702715321444,143.427165642895,159.007328157317,188.628362957218,79.6878870763145,113.1333683483,137.754746575602,107.38756105689,145.190421885244,149.641237289129,101.295890995406,15.2550492231571,0.0946451311970239,1.60508146136203,11.3243483651372
1993-04-01,133.552549126426,163.565812166146,38.6495759657249,161.029542390939,125.252006079307,271.633467172299,99.5358545345358,110.084384903838,189.957060879015,72.0301284479975,172.665666807092,193.431641310897,100.835390575074,14.6806105655435,0.130521775202246,1.75431457234457,10.8750171953226
1993-07-01,129.01958204201,157.969846852201,56.503259179372,146.195153705909,140.190665991062,214.06548111732,106.372231739291,98.3964866445442,126.971357846027,206.374217068943,150.445639316415,473.812308140476,100.506156296577,16.0661121856034,0.133601745216564,1.60258586236194,12.2109325915627
1993-10-01,89.4535764840537,71.2893977330337,20.272333975486,62.3956731803863,47.4992033432545,130.879435243987,50.9167881708831,87.8840049979645,76.015189669108,19.0729908357863,63.4725520458298,621.268908914907,100.299371576862,13.1620708028243,0.15903920261512,1.61433788309921,9.89574897414371
1994-01-01,84.3420468930695,84.6977538046698,26.2904704146222,66.5739423671007,66.3145105979038,123.938024951121,78.1134474845579,87.6352529331912,62.0247226832502,38.7670398939647,64.8506130939229,218.047333497161,101.310436262807,16.3826534065057,0.0700662598429417,1.96575180522832,12.7358503620797
1994-04-01,97.8697693767894,49.3321836191062,30.6486086798583,54.7728634894966,34.1267321153434,100.453698747429,130.137256514499,77.8244490726097,80.8428674405226,111.387009807175,55.4906989511037,275.741515283388,101.168170081171,19.4472939205619,0.0720235440498336,2.51377678420192,15.4629771891346
1994-07-01,89.5724484168168,74.2305269990728,25.1949541971336,49.7997840148671,44.3201391160217,121.768850253629,75.3495579984046,96.9498192908533,93.047234450913,37.7126171107771,47.1504768239526,231.747221161722,100.69641642744,16.6614683062859,0.0378061446478038,2.24536214458951,12.9128808530605
1994-10-01,94.6548910766914,104.365228015932,30.3816637041858,88.0983763767127,94.2586233269193,113.058132216777,91.4770311000502,90.3602645586868,96.1243143067874,60.7555515247177,91.8202465509503,402.146002712008,100.992829709789,17.5529100394717,0.965373961264238,3.0367209047689,13.22435592867
1995-01-01,119.456457185126,154.837544594199,84.6871949694026,109.38504681144,125.835718227536,99.7894424531894,149.412651811928,91.5667530451021,167.410312283948,362.272459359806,104.579360673271,273.536216158532,101.419798259358,20.9835682089229,2.19666097875963,2.15822519624852,15.1523424930889
1995-04-01,75.8820520213729,80.5634913650843,28.2827838685408,61.8050528534421,73.1039114886524,63.5553441516719,69.7559368445351,67.7313838838221,85.1517155283507,114.171245072984,59.5390173836829,97.8305307928843,100.777886146361,14.9777116073383,0.435288230897626,1.29688784806821,10.6255195084022
1995-07-01,62.789822540313,88.4313683277844,13.1281695035506,51.5858795860734,67.4407604519046,59.0853192189864,52.3507270247349,49.395307432822,67.5410040721951,29.131956139856,47.3150363900365,46.8625216798081,100.893630687109,14.9972906845949,0.28681528394796,1.63857202617918,10.3205403197695
1995-10-01,94.2479289986403,189.445622318161,30.3318434614252,118.809090514887,203.886742348842,142.199826758755,104.174336930031,58.7778548858595,73.3866765163938,38.2117148313638,87.5740806343082,82.7746255794927,101.100579070892,17.178525571379,0.248969362411287,1.47595498327275,12.0459571879629
1996-01-01,96.0024924680748,147.416912548411,22.6329415092116,113.046828471465,165.309592993398,117.63721850242,88.0725151464186,57.7103199053633,100.772891425254,20.8762450819698,100.2274039376,124.643297786091,101.691609905453,21.1053242435192,0.25649185060429,2.35333395321389,15.1722977034686
1996-04-01,69.1867997929125,82.1870902688292,23.8080029577541,66.0818533019486,59.7796832066002,78.6092957693712,52.8382927806637,66.1439639679354,85.5095882544116,15.7195963516389,65.9802923200149,78.3048545542154,101.501145244543,16.9165314106292,0.117899955840257,2.07152687836808,11.6467388919629
1996-07-01,67.7508185199657,99.9429095536331,16.3841477090706,54.313113432435,42.8534510681293,76.3424444475308,67.8089383570548,54.5098030934093,80.897338238785,15.7092490371593,57.7562010188001,54.5844143861747,101.220030890027,18.8640181664255,0.143465793031178,1.93436793139155,12.7129271095058
1996-10-01,64.2268466027151,108.450956761201,22.7268954516071,65.3836317725974,65.5766883983754,93.6460585426765,45.8247266214228,56.9434951201243,73.5999449930732,15.3080058846207,67.9444640453524,91.8635103656284,100.936485112138,18.4636430384597,0.255870918879956,1.81551445258179,12.4872688717601
1997-01-01,64.8237969641806,117.402857933667,24.8480729680092,59.9076531441555,62.9659290011467,71.5187517639233,44.5047091992263,56.1509618959619,53.3176077214825,9.4397891910139,60.440301704675,64.3251202262321,102.152437171142,21.1623282945098,0.199572227269886,2.07179527541278,15.2519363192998
1997-04-01,69.2635548606623,69.7809967481458,33.8711273579602,56.6005950369172,46.158025825466,51.2916305185074,64.8828815649312,48.5733906921761,78.1271996537613,49.2328852768223,57.0979966465728,91.9587790615017,101.38608275949,20.7467941900262,0.0359678068794663,3.05161148715135,14.4875374440603
1997-07-01,57.1005974379891,72.7889975019351,6.73909572870509,51.271975522667,41.380775992752,56.3457643205062,38.8344822217279,39.4652287000421,70.2308945985151,49.6191003143428,53.4142913435406,113.15786791648,101.688142050952,20.071166750591,0.379960999297822,2.22278289475483,13.8118244215865
1997-10-01,70.8811695195555,51.9878941404842,46.7051099104394,48.8431054397579,20.2926619138812,35.8192310387767,64.4250442758119,46.4790532581598,74.337500869722,485.195015811827,52.3469913180527,116.014691822847,102.553760000134,29.1674762598213,2.95174476490898,3.16744570304832,20.6378341481618
1998-01-01,87.3189281269037,138.289339261522,42.3530783211882,79.6427050924351,84.0858254310157,84.4302950369362,104.181248903696,52.9057325002496,76.0763843029832,1122.16643255124,82.5988750049383,50.4112369513781,101.930075105052,23.3746907700608,3.22132085262919,2.48703093561121,15.9531467235929
1998-04-01,65.7813389793632,70.4862196225935,16.3079060634503,62.0832339470959,35.5207133091697,47.8018914901266,58.7994143244448,51.4279218042494,50.7729257521872,418.306782453289,64.7607213818092,79.7567069520383,101.472682859166,23.1512431564384,1.70666085270194,3.05407777352218,15.7332111470774
1998-07-01,110.36600012711,101.874932339444,46.1257573731567,74.7481738708713,55.0252842044949,55.6786536330754,156.169704573572,86.7073635011099,65.1874670305639,828.499943237841,79.5028881464133,51.0757054181676,102.115305599893,39.1808381367864,5.02411834719687,3.79787939633622,26.8029261321073
1998-10-01,96.793303707067,103.191721921469,30.3002109305582,70.341218247508,46.4401375924248,66.1951786383144,131.289052018552,53.7205153475752,68.4255985563325,227.906602562743,74.0450656190621,72.1176412123418,101.925680496073,34.7619963838979,3.43407930409482,3.49189816287112,24.5821736562304
1999-01-01,68.3804092571684,134.070812381513,29.6986748307344,70.0418038720935,51.7434951516486,80.8468523854789,65.3844447447104,50.3300895947167,59.6262092199438,172.532252299587,73.1912110462575,88.0797752601503,101.747451459422,26.1113683629278,1.73137864248274,2.90907093206716,16.5809792072572
1999-04-01,48.8143412599364,41.9719582418318,26.6100549848682,39.7432719247922,28.3913058366897,32.9973251151124,41.1257895657039,46.7727533722291,41.876474493125,112.428889931638,42.6076065557136,45.5193071829626,101.395738377778,20.5057244055277,1.46267413966416,3.14978992206998,13.6770774091163
1999-07-01,60.3311551055664,104.992222273868,24.8669126587224,50.9979160166974,69.8572845692417,87.2543363461189,77.024092817874,46.6477126109189,40.7373021498638,77.0699343546859,55.0520606136438,46.0334888283262,101.392125656086,23.8730566269605,1.39170262652084,2.95641591734512,16.3987728025563
1999-10-01,59.7188001473992,62.8254513561557,31.3737181267128,39.5659607403606,22.5362938176404,50.6690433355109,78.7338815666593,42.8631378622305,64.9674137934319,77.2565585979009,41.0744774771094,99.9095568762349,101.6474601913,20.6692311121808,0.913433208131354,2.91494469217895,14.2045900796349
2000-01-01,56.6143325434533,63.1825456331705,26.859937019976,55.25626236804,36.4953069808861,59.9544180755809,50.0974105455522,48.3250438092792,72.533391121939,68.9020017346779,59.8522756518098,70.1488046423252,101.588291522094,23.4770015166833,0.769755193771336,2.48576005475742,14.5939645287823
2000-04-01,66.077431408321,68.6007896339656,48.4292905737105,43.7079903486959,20.9747836108391,36.4782155357963,90.2109411620937,39.9074182721066,94.6672522652934,56.3366298649274,47.2330714539594,121.116575127225,101.361929193041,33.9858105565992,0.727971793705368,2.58987745882871,21.2764155980678
2000-07-01,55.1205484184146,60.1770165200884,31.6253799021027,35.8848459760657,23.4256136878966,66.7196792906275,60.3110202072991,36.8349559138308,69.1903991021445,59.6585510174557,37.8639027315418,60.8728994655003,100.836199894655,18.9911151519582,0.558108259210838,1.87437183591408,11.5876831057143
2000-10-01,109.107831582053,153.49779089876,45.5624740269045,91.9654557835551,66.5352322976646,139.748485230143,169.393597948556,82.8891904152906,105.856776388485,88.627657585895,100.849067676507,102.557380577152,101.377271554395,31.0743641220704,1.05383560869024,2.63333438014984,19.9193062643135
2001-01-01,121.899812106254,205.670736129774,42.9391686277383,143.155467813875,126.059870382762,165.61066002856,157.283330998339,61.7848211013656,97.5184094672287,82.9610643770258,160.982471806997,55.4562667874279,102.227536593842,26.9862191805058,0.991799860065806,2.79525203035931,18.1875305894707
2001-04-01,89.7880557338107,90.4856712187192,46.3808779005576,86.3730395995488,38.4920907276297,77.8349341620535,110.633886407122,38.1706798184165,83.9584768846561,114.075632914382,95.7794818938884,51.8094475593548,101.783236381445,22.1251958139747,0.374402469164647,2.0910191992466,14.1587498180027
2001-07-01,134.235369973167,169.60409871291,226.649627057708,125.201113209756,105.201539865734,106.291755717284,195.881590163813,205.220239347472,130.875317050428,43.6233415532389,129.675000887743,85.7752952513078,102.267050417361,28.240453062507,0.922453506521789,3.41004495963049,19.0915560909767
2001-10-01,170.528060657651,202.643110422008,78.1501291536338,191.803595627131,175.640715661885,143.090287552417,210.681747133737,311.56335959107,122.223141284417,23.9569095841827,201.905118624107,112.143057423034,102.622454144587,26.6984303617728,0.62198891082441,3.28675828475355,17.4652126681186
2002-01-01,106.281075138395,162.074835506706,101.155818778294,114.045765555076,101.400596045867,135.833098847066,100.236848260252,125.913786877753,99.6755346654922,53.4089286835954,120.725510035437,70.7213694690156,102.219896714245,23.7572732806336,0.519489928141124,4.70015733512658,14.2534247152621
2002-04-01,81.8950166092748,74.29489220043,83.5935520151397,76.6189207669376,62.8614209852412,65.4840377371177,76.492296485592,73.8468557605017,71.991814338089,3.49470856177469,83.7606989903341,48.9994745245313,102.011911714503,21.2678042617508,0.39898449103837,3.66553919939927,12.9189227138642
2002-07-01,124.685875749394,159.991317496806,247.82356096695,98.8778310869643,80.8178946819981,123.863696830121,141.232663191793,193.333530496308,129.468946873468,60.9268339575266,105.229805501077,76.5254490739583,102.615178719932,41.0141407448699,1.27733296282956,6.88981839754607,26.3392757404675
2002-10-01,132.840144630103,218.851016107625,242.540650372177,133.891404403184,114.064816054558,148.252477943052,164.155465602267,291.068349100228,137.566220173249,25.0148742377708,141.845829558138,42.4482005621439,102.029687835984,26.5117075321712,0.715111611416535,3.79281415034768,17.0502762978768
2003-01-01,192.379249622394,251.53172488015,190.138990247867,249.749103004541,246.789791678729,232.916417091295,252.100623850865,503.454552621003,154.996913717155,18.1451018725282,266.478083464756,58.4237763623512,102.495290188532,26.3674833983305,0.351555181381358,3.18364242967851,18.2940591847617
2003-04-01,112.535572120672,114.101712790848,161.492639372015,146.362169997458,109.39027817565,116.315466771118,115.102348028739,219.357150866141,102.831426736006,33.7367949737551,160.27428087934,35.5190357782001,102.107271414078,22.0879750977202,0.586965950496643,2.88245751790761,14.6475402686513
2003-07-01,87.4711784257048,85.2426162994306,52.5892407606576,96.9503482123162,105.171724333449,99.272221800469,63.2599798283837,101.933917558403,82.3021465179181,73.1044656449062,97.9509083347187,49.4075039130032,101.942125315319,17.9067325813224,0.397553683237565,2.31103175530185,11.7938063710892
2003-10-01,64.1344061280533,66.373571362376,40.6049690261345,79.5298785892195,64.1181506815082,85.6270998652153,41.5441435494123,87.2893123761434,65.4307302228841,39.6775527704875,85.5698656290763,91.1820593145059,101.439297880963,13.9766707849823,0.361529345586287,2.01676762109143,8.62152811921646
2004-01-01,78.6816158940907,118.817283905605,29.1364916034982,105.282284787824,84.8262646008624,141.229178640197,62.1665136024315,110.849309118686,77.499114916676,20.3220473338313,112.643926587449,86.1443591203563,101.226646729817,14.8790384849238,0.274438875434622,2.09870365062888,9.98248084594787
2004-04-01,70.1019769116041,40.9412414613491,70.5765069864743,63.4183757790007,35.364460317555,79.5410383603138,88.1903027788379,84.9141964078368,60.7547111262783,19.4115085144385,67.4585010603494,50.4691018212769,100.92705174773,16.0148805034708,0.208743346633366,2.37050178987976,11.6303149288872
2004-07-01,66.0322253175953,70.8190120136436,42.7568479574665,59.1686882988351,30.3916325733304,98.4101810085815,79.9317767363358,103.589799156919,72.4125907413262,14.3766558088003,62.3838877977572,32.791423473862,100.969151015937,15.8254167620792,0.321972942610785,2.70886990259754,10.8451602696747
2004-10-01,69.9190855973634,116.860101345648,31.774249599915,83.0024370454321,56.3804251630913,139.456472738178,71.62334532111,109.070147234302,62.3258008369612,16.3345774324085,90.0853624285869,45.5555000076602,100.90537161095,15.4844303726363,0.307316098626229,2.46017817601862,10.5936067859023
2005-01-01,59.2865436500182,127.519380486776,58.5583392646836,65.7419141117104,40.7733278691996,94.9588284260421,50.4755516667542,73.3128206293601,65.1262564784923,18.2904410876535,70.2902771175824,20.8228884777442,100.859968975189,15.3028938360808,0.378168358786445,2.37613394910981,10.3095036941197
2005-04-01,62.8491492991493,64.715118707104,44.2696112672399,50.5796879363882,26.360250234946,53.9749201043338,63.6145642512404,46.3472246155747,60.3444949757813,41.1094963050272,53.2530089701644,65.5372716088976,100.842296524625,17.375988814769,0.410401296056367,2.98654298367617,12.430516265278
2005-07-01,61.8687015388389,53.7552307074227,33.9642551972104,41.1350161425558,33.3755613014943,38.4323953718779,75.2983798469309,56.2163466971888,37.7616672618054,56.4926158481227,40.6263105832994,59.959435596773,100.629785136518,15.2988570363399,0.323619055910986,1.97616856493814,10.8670796311646
2005-10-01,54.9382622600411,57.2987389356874,27.7643708114277,46.5080268809303,33.243793863796,59.9590858607364,63.8871532674632,53.4924861872609,43.8271845717469,27.0856489037876,49.7579285672082,24.9321514363057,100.465338396088,14.294514540865,0.356278110258926,1.8680959400705,10.1545795978858
2006-01-01,56.2812175690418,67.0975753385496,51.5871873481599,47.4910732613648,29.7253127062726,74.2575017271249,56.324931092546,56.4364729798291,41.6550127156494,26.0563525913381,48.4655163035861,28.8817497942432,100.636128997023,14.6597025346995,0.360465906048931,1.7640641037029,9.62290700386895
2006-04-01,65.9012219263345,38.0765981008978,27.4789715190422,46.7555534963413,21.4888713093512,49.7757245571929,81.6765422678845,49.7169135786087,77.0805368346018,18.5763919860815,50.9619102416085,29.434546492689,100.86409326405,16.4495623836583,0.417247348810226,1.66985500005575,12.4529753271812
2006-07-01,58.6354884948141,40.8063777205534,41.6596011731536,32.0382190155407,9.89278221965594,58.824807649347,96.6079708952127,46.5694624289535,49.1183764072464,11.7015822876368,34.9065677308094,33.3737206131685,100.975283824915,16.7791157981621,0.294424720535888,1.96770045536243,12.2030394874672
2006-10-01,43.4305433606185,40.0810834079375,23.3559803360397,40.5328969175731,22.4575412116446,59.31895003661,33.969776888799,52.7954176054578,60.2437976305713,11.3482307333863,44.0533929066877,27.8827986062819,100.783197286203,14.1097356565615,0.35112507124335,1.86607654735261,9.99779994775479
2007-01-01,49.7504350154872,46.0438580447205,30.6703960244865,42.3053992094864,22.4682951225727,63.1773469515261,43.9796536410421,47.3741666341215,53.1771248244837,8.80882324930798,46.4203490569484,31.0833889824887,101.111398901832,18.5797670833322,0.459339485359924,2.59821438123112,14.3717668715653
2007-04-01,47.8859908241534,31.3893848732767,34.849675225634,44.2918236609054,25.4197818831634,39.0468902894202,36.6564019310926,37.3894006039955,51.5419029170253,9.08209545926615,46.5850755361754,21.5152571426175,100.950723644098,18.0241458740099,0.352460978138563,2.42421008102003,13.6667154492137
2007-07-01,62.5335893916409,54.3119272272078,136.583775860969,36.8274075476667,21.1849047808434,57.8257226642979,109.502720153684,39.4034125497628,66.6298179970928,15.5083860430479,39.4746987625871,34.0729272121359,101.550379821607,30.2802899325802,1.40550555388479,3.47532752754456,25.6450825802998
2007-10-01,74.0289656692401,35.1836703175079,54.9130741846861,52.0306347082817,26.3777349573998,65.9197232412827,114.032475243206,45.7343374592338,67.3682828484281,17.2537411899373,55.4421616979433,37.7843419800943,101.341735982859,24.114104641603,0.594368514272822,2.20334412231443,20.1779877179924
2008-01-01,120.380795744795,142.045273315025,120.712828816044,132.83495458205,68.789680969668,148.225438839431,167.424278101127,103.353199950824,111.853473395052,45.6760822399959,146.771299134136,80.549061187646,101.72361847371,29.0577426943739,1.49946037595171,3.53136182351889,25.3866597973642
2008-04-01,82.1182783815146,59.7310751961195,81.8029673927978,79.4939776525732,45.6707387748178,79.9139491404856,62.5617979193393,56.6504548716868,106.484740261913,4.08595531345963,86.2568582014323,59.3980657077074,101.409407529094,19.7899896556236,1.01879889051114,2.99018382433473,14.9996390510951
2008-07-01,108.897455014065,85.8000917645729,428.347995085953,91.7784933192898,66.1254681303211,106.665224964195,121.280745076554,103.940801636171,180.739244267559,27.3740169294153,96.1023754355297,33.2929806588897,102.523886757278,34.2235029760426,6.29749163592225,7.91956266615642,27.021588336176
2008-10-01,186.04410430275,145.127579770343,506.805279244499,191.057483341842,128.26538205225,223.545805151472,146.053542045938,158.831174428206,243.429504259032,81.2430801389762,204.575337746611,61.9503114103281,104.501464753113,45.3408265187662,13.2253666698486,8.47538947792012,33.9929695979859
2009-01-01,188.044567813401,272.559002388841,428.678269572379,226.89471840738,203.627783714056,307.259892473577,103.407099437028,98.5653394845638,209.909128545035,17.218547748583,241.067856188963,49.7840079470283,103.580689379185,32.820200277963,5.65903176813579,7.2336707738252,24.9943401574735
2009-04-01,103.886025678548,83.2155200689161,207.807767284891,109.496080067477,84.3228950423962,128.713218321137,67.9685710054786,51.6108173166284,136.657848704126,47.7003577633713,113.434023869149,25.3135612929022,101.52987153225,24.0367117405943,4.24095471711315,5.99822328803583,17.3770158033281
2009-07-01,88.036688027288,93.1266005198758,120.612638684479,88.9794012268019,71.0369866017112,175.987087062157,54.6110255085798,45.3371834113671,112.315500537644,33.6625185989828,91.5025481287354,18.9424294318522,101.198504590371,19.5665821398406,3.98556602629672,4.27853117166574,14.7110837821194
2009-10-01,94.5738762566715,112.197953288462,169.26548390242,103.417558444615,76.8653422959484,173.872472336872,70.0977544244922,52.3831579757478,143.919082408956,40.7437071264661,107.68438834898,20.9199775843052,101.378699516065,17.777598162765,3.15415906186775,3.33211338174052,13.4265497223481
2010-01-01,119.841727885567,173.234136463008,196.890015027303,143.372304114318,131.5685739344,296.124835520109,77.5041652978121,62.6401712941701,171.887738150489,75.8059638284703,147.672350736079,54.8156140685554,101.812738077475,19.0945701117478,4.67913419948682,4.09256232372183,13.727698503654
2010-04-01,96.0716651022355,106.885209538412,252.044191463915,114.394404005869,102.910009981177,170.019538601972,66.2356535765631,57.6069874851613,165.547378336257,330.575123762265,116.265000293932,40.756430348709,101.558336200664,22.8210349975739,6.26800090053204,6.58755281416578,16.2416386839112
2010-07-01,158.131830377438,233.717562403643,409.247922576859,211.779795904559,197.150887697058,307.63946824052,133.777411728171,98.1724743541709,250.733231949148,203.573071062988,227.671340597046,62.2157625042037,101.001213763198,18.6721107526843,4.08641858002291,4.01712242521521,14.3001356491618
2010-10-01,162.958342681646,321.925489983552,208.808627646463,255.797793351709,255.83346634332,383.351086148288,100.295540538056,106.629410270438,257.195448818687,195.50307551426,273.635939028119,89.0223901483597,100.292372174402,16.0809889802563,3.74406458563945,3.0565487399283,11.944687160257
2011-01-01,113.292776346039,150.765961304656,160.208509426425,139.686150235768,136.081557395505,228.360885054151,52.2633591329662,69.750475868809,178.458351583978,87.2836672780645,140.115580197137,60.8559424502896,100.399191519497,16.5797174952974,4.05156422621093,3.06261882612454,12.3336775369726
2011-04-01,96.2294796831753,135.796496804535,155.992339980059,128.84843921253,159.645874128385,171.064011936764,69.7575927994925,62.957280406621,128.276468554721,131.295940529318,120.273451756769,57.9931376203253,101.059609913485,16.7752431640242,4.12597137475097,2.84298104526297,12.1163914137237
2011-07-01,192.014355791787,374.656293307796,214.879689848716,294.746543465826,524.940218896614,368.984346007072,171.497855377669,92.8061014509836,240.647053808303,626.962211279809,261.264632111258,106.408258421814,102.471173109142,38.0838799699976,9.69775025375765,5.26346573871717,30.74492290088
2011-10-01,129.514823051085,238.17109214006,259.703515195639,163.528465352359,154.501625028273,215.794764642067,80.7120035364744,89.0867517551027,186.03538182223,635.995075620345,165.345719787859,69.9906323661987,100.735041177885,25.0498637690091,6.18742570170116,3.97735678724326,17.8454150707351
2012-01-01,104.173720815344,150.536218955662,105.284811111561,129.372690800727,121.934739001809,186.318196104765,59.2261983549805,62.1425400383611,126.066503897193,322.747425169115,131.979942003775,51.8926750486945,100.272166979704,18.7565508314467,4.50581016208465,3.18211761267525,13.2658939668146
2012-04-01,110.68224868945,178.684236903968,137.38656752297,141.875556165011,157.660706286493,231.634106389809,85.1432724156808,50.9144575433746,122.1228190757,492.375447972751,142.378868969535,33.1358043793884,100.498939736244,20.0905723794454,4.49874084746244,4.16904819581133,13.0911844700029
2012-07-01,139.82758650416,234.596489460146,279.362819228783,203.174842556994,215.147877709815,300.870614742802,122.456799243782,89.0043302498913,190.29693259426,438.665672299525,214.27399304045,51.4292257059673,99.9060161706385,17.549235244346,3.93837916552974,3.13817769604623,12.2289536312919
2012-10-01,181.416484998307,419.263741966766,238.169863278093,337.480432796213,400.155132397778,410.701153944513,106.620314101824,121.367370067623,193.760125684208,309.537119077182,352.720470888493,42.4900619319082,100.037164886977,16.3319743787631,3.56159752032235,2.78485122179938,12.0806883453451
2013-01-01,146.577314153842,345.314030170593,139.400362724095,237.444287197869,375.399534816469,265.956203143592,83.1532532829684,100.505913750792,128.483280900623,191.077213211736,226.028079108506,28.0449005934122,100.173862905188,18.0780976985243,6.13208664788885,3.50646309729136,13.4898204196906
2013-04-01,75.5367807312955,109.380339469212,58.2655212845562,82.0823462089363,61.0635355284105,123.239438073612,41.4782715112293,35.482201886724,88.6625640904874,31.3916246472891,83.4585254106815,37.3059277947484,99.9449061668888,15.8967586281109,3.41032498867088,3.04992896668096,12.3519251464482
2013-07-01,95.1815689281822,125.722892909585,108.746516853232,94.4447639970729,115.817898195074,200.967197965978,73.9011878100149,86.587400833088,135.874216695451,66.4200468196574,84.8500910185399,56.9126771799668,100.220185239718,15.8654793587569,4.31868450907396,3.83288875462941,11.8361211163905
2013-10-01,116.111261884666,215.598787434794,118.2064268258,148.512830443246,259.490656495209,297.766527875453,107.282367766987,66.8674515357681,108.044516216342,39.80394297769,110.237365976233,20.1018821261306,100.275957382792,16.6205476605911,4.08268067936806,3.3432608236576,12.1071772586885
2014-01-01,82.6200904223818,170.05718700896,93.2452494526199,85.3871605428615,72.7742184302766,196.876531952196,55.1781887476968,63.5336822128679,139.101594377384,66.2538519659389,81.3905643622571,131.874386868162,99.9176346972323,14.020720420402,3.23981910336323,2.47033065760871,10.6603308832085
2014-04-01,58.2549400909814,69.5356048560698,61.4516617076621,60.2832720950384,39.4065035339761,81.4368322728357,24.8924377960067,29.8528673666575,90.6543483989294,22.6923803514722,63.0563178423831,20.8142270485962,100.192182103771,14.5468115108539,3.35903010715007,2.70602647907153,10.5217698560017
2014-07-01,57.2370797222311,66.0599020231468,79.2698982484902,53.8876433187725,30.5701792414737,94.5368863059637,40.9874554340788,39.670281035052,83.588355204863,25.6076405957171,56.6344830953312,21.6370977550214,100.152823871039,13.1961550201871,2.85997333329564,2.41266824555993,9.38235197490914
2014-10-01,60.961538895263,76.9936694300714,69.3119054564848,68.0042453756491,46.497809489027,106.215263668684,36.9092170762827,40.3313069348749,106.00817933531,23.0511980985102,71.3388439692229,18.7393990543336,100.003887666215,16.70653856621,4.03522750752102,2.82700018650196,13.0061624267566
2015-01-01,67.8285475386957,78.7534371060225,56.3586685394472,69.8167975891079,46.1177007809258,87.8169473534634,40.7253984503905,50.785345743853,106.652314280662,35.0003667273208,75.7758509024904,25.7087170067665,99.8844776546233,16.5963768979627,3.42040174787046,3.11813688025875,12.4334813335611
2015-04-01,62.4343606584593,71.3248331154627,41.9376756068227,57.7484015124505,33.9759451502489,85.8461439322537,33.3097308612748,41.0482833768764,85.4490033457509,52.0839729828933,62.8731119369013,77.1077994510635,100.151996922639,13.724153395704,3.10155127814547,2.64518478272178,9.42791523095575
2015-07-01,71.1445697602532,54.1581409107742,109.83742237526,52.1378692347639,43.4064173453502,64.940537519463,77.3547888530959,50.649010740752,96.4293335162203,112.175241323448,52.5618200466862,30.644011803933,100.67123352306,26.6806329252761,6.7773594437088,3.70744761159376,19.5279833673964
2015-10-01,58.5481954533971,56.1630618474449,67.7374481520819,48.2273807953295,34.7550170105222,64.0939657393058,53.032676071611,45.3625441983207,75.7461836923801,37.2951175280379,48.5604570270524,36.5292102668786,99.985340937537,16.6860235972226,3.62554788978427,3.01020399350279,11.8805086612341
2016-01-01,67.7436350469725,56.3822730795936,88.8430049956244,66.2623556149896,48.1009703652368,96.8603468533891,57.2762538270771,42.9209171884216,94.8730594942943,82.9524431001948,71.8969289871619,39.4137358742278,100.279999339692,23.7512791734908,4.60757016471445,1.79573079500523,16.9409991356815
2016-04-01,72.3290375144816,40.5119054698388,72.8621556557975,54.429790102562,39.6904462444095,71.0071548429458,82.3388434048909,50.1900524314045,98.1536202860345,125.272922243771,57.1463573156758,130.281289086297,100.277477957774,15.9666249785478,2.84852278923797,1.53267847044162,10.7647169021744
2016-07-01,68.0390934359233,44.6765339961547,52.5740179978522,58.9629547124244,32.6482626529574,77.1561449697815,73.5746712142916,54.7893052091221,78.2323822292342,109.5731120394,60.6538016619619,121.552131947669,100.129910455131,14.8895043574162,3.23400951049742,1.81785166555415,11.1581323215941
2016-10-01,102.888548946963,113.832599806473,148.912369543114,125.662451125023,93.0657173089408,193.040007444462,84.1801399246039,106.763599487206,159.967908773975,85.7946091665401,131.449122953845,299.69241507976,100.182563206819,14.6389843677874,3.23396468794432,2.12129847999401,10.9678448537137
2017-01-01,119.282434850531,161.667200240995,93.8523185433255,131.975448204636,93.1177611203635,251.454886845285,78.7593752536873,107.312734615574,177.648515721912,42.7943738530088,139.008879584961,292.292973657775,,15.9259901039989,3.66974666925833,2.2294167187812,11.3367649796499
2017-04-01,90.503486355064,114.861943640652,62.6753668537831,101.910861022959,71.5490448193892,176.612418074842,42.0088348175112,67.9663625620005,94.1443490227317,38.8029777443637,106.221735667919,109.158635089108,,13.6881229173504,2.23142716068728,1.92706136742244,8.82716563319768
2017-07-01,81.1559429887783,135.831717850879,131.048648201561,92.3255980043709,62.5981598563837,155.629305516353,32.129618118676,53.5372075504738,117.497876852539,35.8611035406273,99.9161008489239,86.5951999880886,,13.3597577982661,2.54007979343053,1.57986755200156,9.35276585018267
2017-10-01,79.4371468312996,84.8444222708231,37.3046504112702,118.756076194969,84.1692514820881,179.716043985662,31.9667872139618,62.8972024014153,79.1407019336152,11.8755240177736,132.697225845438,109.551284872658,,15.2674928996484,2.86425255249688,1.76231476976743,10.3405647429198
2018-01-01,86.4300517947719,90.7993294230122,35.3657263388979,104.512183637287,53.3335202405825,115.284962710962,34.1860406705244,79.848560915524,98.2920215999358,20.4474370250582,116.166548405763,280.51114131001,,20.5881835560946,3.94816088730292,2.03880940949565,15.2369679046425
2018-04-01,89.7169010881614,84.1083455505053,75.3965657888042,99.8872390604186,34.2671653996716,106.724129703039,29.9494873124339,130.227342061929,102.74251961349,59.6012913222949,108.605511895302,478.221370835227,,15.1175764486722,2.55920989630641,1.72928172018276,10.4007549623402
2018-07-01,77.6549727685181,73.157885867319,51.8484269635894,85.5996024383004,48.8860717963535,82.3346068238902,41.5709160349963,102.637526813938,91.6179921133233,64.0810488541995,92.6314543481037,565.801092987557,,15.2988760675849,3.3489307499892,1.91877945995546,11.123112330772
2018-10-01,93.551646090099,130.915429486369,52.9785644207333,103.480233677486,60.0461985121422,162.716820087222,76.2219139179016,107.647134434544,128.278841938123,14.0656069041388,113.44072836187,509.393228403737,,28.8069696550379,5.29721791959073,1.93555490340194,22.0908664800903
2019-01-01,105.836536022761,141.414194611882,70.5851510282579,115.780596555575,73.8995058553203,169.671760902745,89.4652817938727,107.391586107374,113.372278223011,73.4559634194922,121.357009021655,436.792766713081,,25.1520358244392,3.96026870221363,1.97817267466668,17.6802219121581
2019-04-01,98.6654376966155,71.751215820348,45.3871208236051,101.000836295062,37.4295681986029,146.778920051867,77.8775244463252,124.091867260962,96.785983835874,32.2144098916217,110.305738643827,832.165726900803,,19.3745285986111,2.16074962458856,1.15045430924182,12.7161607616728
2019-07-01,115.519354184902,94.6130170374747,100.149813697394,106.156474262271,51.1138673801129,121.473264592244,168.617802010891,195.882572093411,134.269849219125,125.820315650945,113.486224626845,1155.52885864179,,22.8583595851404,2.85928361069949,1.6078445339968,17.1647350862718
2019-10-01,93.8555400703932,63.2412500263476,99.3434175722316,87.5386295532915,44.9614855930859,128.482746312227,82.9024313940908,138.828031505501,92.1648799738931,31.7942021205364,96.2999733180752,764.00243553735,,18.0284495099393,2.55344987681082,1.13377690424264,12.6876637770591
2020-01-01,185.964096193057,317.877799554524,130.113211087003,165.097021773892,68.7757830566929,348.753105953146,162.564598731447,172.725936358916,151.1140765358,83.1470404330027,176.853833610479,434.876274088488,,34.4992500212154,8.58218563122326,2.54843138237326,24.372159765802
2020-04-01,407.555087450239,827.369810547637,284.581634025868,364.404460993973,200.410510195386,776.392956878853,183.930635874115,193.621529971838,292.829069220994,69.3196512644416,392.432006625169,152.832006925131,,37.035922966529,5.91174986412327,2.52579764752324,25.7311650333699
2020-07-01,277.696984529674,689.507752969637,183.344272822069,249.911947847068,112.869030037424,456.94768644958,110.632442338681,119.284863024981,183.132780493568,76.5818338987744,269.944871924427,112.441095221732,,26.3039135064724,2.52431853417325,1.67474275488881,18.7941990400649
2020-10-01,244.267724701897,483.208566753813,93.2677942147954,243.477777112124,141.279560060902,456.211198726911,111.847749218188,111.871854258374,199.25816076854,60.5241456997124,250.010337971265,219.796206668094,,24.43958699963,2.46066426108009,1.95271263633644,14.8628528947782
2021-01-01,174.886657560089,264.547758777421,111.751955242175,184.47266360502,104.776256004257,288.031430775678,59.7878153120792,75.8575724452132,182.074036258288,32.4189939279109,198.17805025645,57.4557910434305,,26.8375640264924,2.30570534438801,3.73033865015192,16.3649636813474
2021-04-01,117.599059814252,196.993536395148,108.430826079469,134.103555549909,46.466547991957,174.993199694026,47.7319005156877,50.749949877741,126.270228347943,31.6601446589189,147.146593169962,51.9543105315089,,22.137758928363,2.19657748391382,3.07715636707084,14.0352507642674
2021-07-01,118.396851182615,217.422416859451,74.8260963652872,125.850074370108,61.7068374079644,212.37667275893,69.7806761622155,70.7892650948195,114.197001979739,24.5278620990145,137.941775474261,20.1183740053875,,19.9149124557185,1.6405808545795,2.32372799334395,14.0427102364807
2021-10-01,121.47934868092,258.089953321867,79.0147105475167,130.284694699034,80.1072395024126,226.597934779243,90.9134505946566,76.0697228180878,135.657464149215,27.1547508825966,136.674541987432,39.6320435427756,,16.839322196303,1.46697324524851,1.69682837956097,12.0029918467098
2022-01-01,143.349407014052,176.597442876314,170.903332769622,121.800255838897,58.0038237526673,191.794994472314,152.098421582066,173.11879133029,135.725952820775,47.2758052266812,130.624155728932,73.8666704917133,,22.1910162091158,1.21371466295289,2.41979582334412,17.2530904009387
2022-04-01,129.729358413661,142.37567325305,118.014304259828,113.547871575255,69.7097390879607,139.327048313626,139.75138210867,156.387971931974,132.131834547927,46.2451560026193,116.595738094398,73.3527612844809,,21.757953852928,1.43910970397844,2.09188974027991,17.021362090617
2022-07-01,117.779573758148,138.114033011354,96.3882626966437,95.9438485135997,39.4164349969026,135.620348100645,143.771601263809,96.1682819398909,113.327574418487,133.154727338364,103.005108186036,90.8210698150561,,18.5127400511971,1.89487516466959,1.63263072606415,14.4158476658851
2022-10-01,132.969906806628,97.0226455930351,131.030510648402,108.78503185173,59.2504084454892,124.682992013249,187.816518610575,95.5598501819627,137.103851434984,88.6481387309923,114.523080978401,63.4516123195706,,20.0843532884095,2.49795310514618,1.23755135247492,15.8714401617314
2023-01-01,146.135783110187,166.567825680137,322.915388749688,124.13608147365,112.190133060987,201.006906961163,216.104280190136,79.2891514071596,161.635747939123,9.54185958160055,127.550066084311,70.885863313126,,23.3697021290542,2.79080276404526,4.38600591685395,19.1114960754938
2023-04-01,141.809018215979,218.044716688971,249.080373499397,158.967596180961,230.501032569819,183.550307913908,180.563230020559,97.2401081160567,176.423124340147,21.5755227495314,139.481579322039,60.5564127960939,,21.2815234834609,2.45089872773824,2.73456198091744,16.2160286567502
2023-07-01,95.4511923436551,97.1292640008041,91.3860456538059,71.3461500687645,51.7322760986474,89.0065746171799,116.985445114593,64.678062872631,100.764998589898,24.0128430779913,64.6334883398675,21.3614801021231,,18.3197355986815,1.66765892338453,1.78082057564791,12.7402221551128
2023-10-01,123.754108709642,132.074979991109,63.9156879260831,88.6711521272972,84.473190058549,93.42781368102,170.837893853195,108.433592339711,153.408724681937,20.9459241955349,90.1707598874803,23.174623386682,,17.6554932772227,1.80307702699269,1.31571733902506,12.0146855908083
2024-01-01,115.214196256346,106.331586986778,52.9536613120097,91.4246853426245,47.2742707610381,119.872181381939,105.308530946731,109.561006631324,123.724626827557,9.27701104091711,94.1185118827406,103.337669407212,,19.2107770780409,1.95392845175846,2.30386137815742,13.2885730178792
2024-04-01,92.6558166352878,62.722851687172,72.2582242735049,82.9069856162302,53.0632528689492,101.857774555178,87.7704594795575,65.0591655975596,108.885719359207,9.85071486265559,83.7812565828417,77.1999013573611,,16.9446694303112,1.42205161428807,1.49032799549876,11.9521961148628
2024-07-01,153.703029000606,143.188551191154,47.8227178621852,153.153568393242,53.8426954918351,253.015677404842,101.236392676182,139.627967910113,264.587051398798,53.0603036041349,164.561809689055,155.334543328752,,21.4571654602946,1.80964046050678,1.03408026314673,15.5112039472009
