date,macro_uncert,macro_uncert_h3,macro_uncert_h12,fin_uncert,fin_uncert_h3,fin_uncert_h12,real_uncert,real_uncert_h3,real_uncert_h12
1960-07-01,0.624271012804722,0.746866440282217,0.861769275724888,0.908933417003729,0.943879093254461,0.982767819627362,0.690466690568032,0.778066738526445,0.85970201252659
1960-10-01,0.680050598570172,0.794224901659844,0.885598373960739,0.874642524151019,0.919036703776216,0.975746358927655,0.779085682616112,0.843346633631679,0.884323935523998
1961-01-01,0.665789663727865,0.790198881196656,0.890185944543661,0.850916271715741,0.899368078098453,0.967532158482498,0.751150200298884,0.825392979576426,0.87777226637605
1961-04-01,0.638179218977923,0.765399536041498,0.8765680181938,0.824839986653595,0.878914838547864,0.961811976829103,0.719793090901079,0.802899548676056,0.868748882645573
1961-07-01,0.620109327854817,0.748850330972912,0.866477221229309,0.814192611283525,0.870275425733984,0.959924284526111,0.717110074369631,0.805087714483262,0.87218385678998
1961-10-01,0.59767827570239,0.72844390221294,0.850895475139643,0.837430413280786,0.889423652131145,0.967019443776406,0.681378164269491,0.778723327754415,0.863645541629792
1962-01-01,0.588447051370828,0.722644008272508,0.844987009355437,0.931467559587284,0.964465121426851,0.992063936734608,0.663524399102536,0.768518667923498,0.85886568073729
1962-04-01,0.582304578606724,0.714794560603789,0.838003059137946,1.06007722472167,1.06364179387445,1.02326101341786,0.633883526722348,0.741634078192597,0.848124361600044
1962-07-01,0.556733600823023,0.690110480264543,0.8223501182421,1.01098661566028,1.02592829092956,1.00952266988708,0.608058348325692,0.715266470761985,0.836456128321377
1962-10-01,0.552447850159989,0.677370055213666,0.807083000246651,0.947126366365161,0.974973422914258,0.990796402166482,0.623169097409741,0.720565644961554,0.832535345199291
1963-01-01,0.533296133029603,0.6568771017106,0.796018621219437,0.795320773842531,0.854825199160441,0.950248898632661,0.612973050579145,0.71391931622241,0.83027267509611
1963-04-01,0.533954584353835,0.656412182411253,0.796284638930327,0.718314916135039,0.789807375327957,0.924403746703058,0.612831513182097,0.713304554560455,0.830126786323086
1963-07-01,0.532102320324773,0.657694485300777,0.797784471548788,0.676213913616921,0.753894643651861,0.909539159546568,0.608082074994261,0.713826182680334,0.833071117338946
1963-10-01,0.546313591034477,0.66652887528309,0.797450060467492,0.627685075214461,0.711668007533858,0.891290068871356,0.639207176647458,0.739527488507511,0.843409448504253
1964-01-01,0.538300034038109,0.656291739211969,0.792911287612221,0.606802766282363,0.693113057574178,0.882213917333995,0.653324158872831,0.748095951884923,0.848507910377708
1964-04-01,0.526488593580197,0.652143393218453,0.797342017725257,0.592730447280302,0.681119675766827,0.877549671657781,0.637573062917017,0.743042858548889,0.854559228932441
1964-07-01,0.580401505733148,0.703024083370714,0.822285704901292,0.613407647660426,0.698809544365088,0.884414577784741,0.718505418893114,0.812645338994353,0.882448294993406
1964-10-01,0.606458067015808,0.72432743235606,0.829610102671916,0.646663321467204,0.727741507287473,0.895915735087672,0.744698633508889,0.832501166687515,0.88704520469798
1965-01-01,0.551392719203735,0.678347263927188,0.809852923327617,0.689036224141016,0.763703615320869,0.909836665911826,0.655435316559405,0.763547505936116,0.860422076486847
1965-04-01,0.542189907827617,0.671483711915645,0.805732454455567,0.791966422317609,0.846319512125378,0.937672872635912,0.619838967419479,0.73314278107458,0.84783068884286
1965-07-01,0.556489237318428,0.677457438739934,0.808519081676182,0.759890963906544,0.821882916109275,0.931447871632938,0.636983192434109,0.738468213689547,0.846766491838268
1965-10-01,0.558262206295266,0.686186729814698,0.818584879861731,0.778376638445146,0.836877676255879,0.937305321951495,0.620689010828284,0.731912260726682,0.850807218490025
1966-01-01,0.580133387451635,0.707038499349395,0.830787049103153,0.837436687189817,0.88545728748267,0.95560104374948,0.648763430730795,0.752941399213626,0.85717232873389
1966-04-01,0.591097930392795,0.717198302801697,0.838899840152658,0.910932089838253,0.944070309382321,0.976908976134867,0.646629893513492,0.750612647714521,0.855053336568896
1966-07-01,0.600586200838546,0.724650592560124,0.845477954005013,0.924959602147901,0.957796279065405,0.985270854767955,0.647036469678794,0.745025774601134,0.848365263089737
1966-10-01,0.606582098587037,0.72981110116586,0.848670557650856,0.935572874513705,0.965719832888114,0.987783623338385,0.665700055632999,0.758423397562511,0.853972809037318
1967-01-01,0.60374837826218,0.726675394761048,0.849974843166169,0.905285223498802,0.942277864555445,0.980698892837161,0.674602145072336,0.763784983553482,0.857024775948099
1967-04-01,0.599820313226097,0.728135011841795,0.854428050155781,0.882939584178577,0.924238820947491,0.974725523934076,0.666653772400515,0.763803855004234,0.859636952579202
1967-07-01,0.618955148249228,0.745784954888846,0.86439876210982,0.859717220956914,0.907441726551662,0.970813497455255,0.713847453740236,0.805913927302244,0.878636620736615
1967-10-01,0.64528509095895,0.769608475859616,0.875522731780818,0.88414033607766,0.926076050051077,0.976782343618535,0.73424035121695,0.826356336947266,0.888575556309525
1968-01-01,0.612872291830235,0.742114509049386,0.863158354611855,0.92497175067561,0.957882650879033,0.987387013803303,0.696300781426076,0.796827709698072,0.878502504802834
1968-04-01,0.590559458204031,0.72146639680048,0.854094165859377,0.892493519490239,0.934870233322692,0.982176729555305,0.664449644919334,0.768372843667659,0.868081326339896
1968-07-01,0.578654546630074,0.710086240958778,0.847675087869365,0.880724192520498,0.92601689926273,0.980451502803596,0.645249673680971,0.751505576304333,0.861084302954179
1968-10-01,0.594463110616031,0.726620734705868,0.859247808508185,0.908168112478939,0.947827561365668,0.988783032615471,0.641720992464103,0.747408600296887,0.858702671208165
1969-01-01,0.602937264282288,0.743489824349106,0.877877366029008,0.948196110411684,0.980042198272372,0.999767569370464,0.629602375032569,0.739175693382677,0.85529978002316
1969-04-01,0.626435654406233,0.768906755477508,0.897144222413981,1.06210059158543,1.06644147884209,1.02586488397922,0.651831017207815,0.756430106495926,0.864153343861918
1969-07-01,0.625610751302756,0.765988856756765,0.895510150583533,1.04813620845232,1.05951254187814,1.02773119805118,0.670113600905189,0.773865229177237,0.874252105517436
1969-10-01,0.644717304493982,0.782702966920054,0.903805448621626,1.08642880598885,1.08933636105386,1.03831919158736,0.695858484535195,0.798281823589675,0.888681558295423
1970-01-01,0.664025820491184,0.805377562210691,0.917608243914678,1.15634796413499,1.14203608731763,1.0549700095082,0.69275359868735,0.799837268838449,0.890151240832557
1970-04-01,0.656029713520813,0.796449979761365,0.907510214627517,1.15854832961893,1.14227136222435,1.0538459516909,0.693332326195478,0.80315675026376,0.888289095708694
1970-07-01,0.67999341236228,0.810889074572205,0.907279719965025,1.07447615502625,1.07739131788971,1.03209107186963,0.76361013054842,0.854486292702686,0.9032336450854
1970-10-01,0.732532875692219,0.851581933727032,0.922775849262137,1.00894072721086,1.02574540202529,1.01345794964335,0.848886697385408,0.917966407043582,0.924537900335111
1971-01-01,0.627066114899097,0.765932193055051,0.890803908000768,0.91444540933881,0.954044373107515,0.991407510491094,0.665990489790026,0.779739221721673,0.877563534227095
1971-04-01,0.631370449311753,0.756681970599715,0.879957576541955,0.889063246574717,0.933258276864546,0.983770203356756,0.670761754214878,0.767046944676771,0.863388728004293
1971-07-01,0.629719444347156,0.758800855571029,0.883240473669856,0.888772510326491,0.932231247915187,0.982372824305362,0.661971422312102,0.759363912194381,0.860502343479245
1971-10-01,0.630925540528146,0.764635244547943,0.886667013899468,0.918715683940768,0.95372477485174,0.987092341926665,0.650798144844191,0.757601285283413,0.860910036572135
1972-01-01,0.592987463793837,0.730446463623309,0.870398130083367,0.805716787713926,0.865913174183167,0.959946689554173,0.610378077526635,0.727812263558561,0.854804787411703
1972-04-01,0.589719584869466,0.727094347966879,0.867321216152054,0.804393002142657,0.864978393300889,0.959755513115016,0.624185677180223,0.742223171711861,0.861449568846129
1972-07-01,0.625405002455663,0.763651322325944,0.888741452964286,0.83265381452404,0.888017138311483,0.968675292810724,0.661973864875289,0.775384508180737,0.876915788228898
1972-10-01,0.650975836915824,0.791799158530829,0.906843894458549,0.905256904177198,0.945645155585094,0.988554337489264,0.654954064623628,0.770036690185102,0.876090145502186
1973-01-01,0.682492002683011,0.831753559357057,0.940005620315198,0.996553989600821,1.01756978106724,1.01306791519865,0.651030886153184,0.765250452942018,0.87644525716504
1973-04-01,0.714481873368727,0.876298840071408,0.9791338612069,1.08086199747879,1.08377366541815,1.03555038964617,0.630494039839269,0.750212217564915,0.87317440731171
1973-07-01,0.79681946594299,0.958125767992644,1.02519054251867,1.18848809063638,1.16572411482595,1.06164511859308,0.670088946111676,0.785037135988991,0.890666294817861
1973-10-01,0.782343548929604,0.935750884037655,1.01580855960469,1.19748652533065,1.17355197347603,1.06494419368614,0.698039167284023,0.804041034961687,0.899546526232492
1974-01-01,0.772994254300915,0.924220692962374,1.00946941032935,1.09584943041467,1.10066428949354,1.04654290063237,0.684403267439537,0.794449045230746,0.895113065770279
1974-04-01,0.769966424360511,0.93344234607595,1.01822545891659,1.14662201563634,1.14030891573589,1.06057466584033,0.678069883879024,0.804106612639364,0.905702942936948
1974-07-01,0.810887007324649,0.966646949184851,1.02796264023048,1.28449180472253,1.24247756830081,1.09125700643705,0.755557763006466,0.869730693948048,0.931626825595573
1974-10-01,0.881466988061407,1.01259529397983,1.03154094150377,1.31360509149067,1.25918813445875,1.09118654598753,0.925831752482433,0.989317451408097,0.965283531761893
1975-01-01,0.795644777071039,0.933498092425972,0.993522917992717,1.16139582742998,1.14771375191199,1.05897732771477,0.799022968795168,0.890617863689642,0.929808869194117
1975-04-01,0.75965350358315,0.882813676875361,0.958272868863006,1.03625162097642,1.05282202203343,1.02960735651331,0.752325323373524,0.842737918715771,0.908386878381399
1975-07-01,0.686519291113297,0.817480282478523,0.924454339869716,0.973192564941101,1.00241708207393,1.01137298120939,0.693184377962708,0.792843848729824,0.885934416996079
1975-10-01,0.658408803672109,0.790178919106649,0.909205577663269,0.987543584220533,1.01059444444494,1.00987577444484,0.664052522861484,0.770175055879445,0.87842705994084
1976-01-01,0.621086942970077,0.754196592046646,0.890351093472211,0.883587008825433,0.928304512586154,0.981315840209423,0.626342267621165,0.737651203182422,0.862296152125473
1976-04-01,0.600390866968086,0.731969496818476,0.874256809769015,0.788679885616938,0.850428527589157,0.952971134308692,0.621617654268942,0.733480952573374,0.85687211944376
1976-07-01,0.605348149341301,0.732679240245124,0.872869036657975,0.747461361267921,0.816019825846893,0.939222512552998,0.634522626900384,0.740228687213063,0.856887129569341
1976-10-01,0.629414573281055,0.754393873622876,0.879190053444465,0.782216758691427,0.843617064339065,0.947584804264359,0.659669088527372,0.760270497259977,0.864447596863534
1977-01-01,0.608934342287866,0.736741921391907,0.87067282806112,0.713955741237126,0.789771550255714,0.930325012563395,0.639177472985994,0.743102544772103,0.858974787527774
1977-04-01,0.563953755352025,0.698458142971963,0.857516702336199,0.735002444035767,0.806188887257516,0.935041970763586,0.574698503342803,0.690517045140852,0.83872483389151
1977-07-01,0.576951708869244,0.706762944334298,0.85934954228823,0.747598881950198,0.817625087560601,0.940019825462773,0.590275869585147,0.700627412800903,0.841803745192801
1977-10-01,0.61914408951609,0.743449370744725,0.87277326676577,0.801399473190973,0.861939844907536,0.956033519194137,0.656826803526083,0.757080248511576,0.867062002006853
1978-01-01,0.641340891981655,0.767631441001344,0.887940909143641,0.853404469434924,0.904296887906461,0.971312315334646,0.710021565726513,0.803040181970121,0.888252505047169
1978-04-01,0.602319009607155,0.743084769011577,0.889448106795811,0.903978985492021,0.945138375209926,0.985893229287156,0.626926398690415,0.745253637893815,0.873543264906838
1978-07-01,0.599595123434156,0.747335572113837,0.90099259363658,1.05193433371681,1.05777989940316,1.02057122747251,0.596739422968353,0.722205369239526,0.868404480064106
1978-10-01,0.620309222471888,0.767995220789346,0.913938793668038,1.02082206048279,1.03585207699726,1.0160551353504,0.615576081216555,0.740962091971831,0.879154776988944
1979-01-01,0.685103353481097,0.823665224856186,0.941741144676898,0.967004416966829,0.995083520100766,1.00421585118414,0.708103912104997,0.815847453692335,0.907558665488397
1979-04-01,0.709460543386675,0.852272446318913,0.971435696498967,0.924933340680798,0.963685809439925,0.996213753399242,0.709487701102713,0.818712234002989,0.912485534133447
1979-07-01,0.738071570185974,0.888469253123197,1.00823154540508,0.998695606704375,1.02152945600991,1.01558085717732,0.691927612155025,0.803531664161332,0.90841196373292
1979-10-01,0.77804993255659,0.946574496818772,1.05798299967793,1.05703496416703,1.06750819639937,1.03197723660691,0.676727490471471,0.805155961647935,0.919671951434107
1980-01-01,0.921006340242883,1.08848217038995,1.13665068733486,1.17053447216072,1.15019683393024,1.05621216705263,0.799014731157737,0.912950700535406,0.969398808002987
1980-04-01,0.92658872508426,1.10420609720422,1.14838570337991,0.993080457014269,1.02092668204594,1.02057667860057,0.776763147071007,0.911681735135195,0.978329883513767
1980-07-01,0.884772323047862,1.0555621864172,1.12131926528626,0.901411439868873,0.949496623224592,0.998365200228484,0.749692111232512,0.877581660985603,0.961511822950423
1980-10-01,0.845642284556843,1.02406280022418,1.11508168041038,0.884542698185006,0.935631300325358,0.993407113584051,0.68252827790642,0.817832371238364,0.937931110704897
1981-01-01,0.83174269088791,1.01094520098461,1.11200256711579,0.868451613605295,0.922050711434342,0.987130934194508,0.647524937453939,0.787954579914685,0.926353044878416
1981-04-01,0.837119014779827,1.01349710784652,1.11437859197346,0.857889335780255,0.914593423983577,0.98614789473455,0.658026775898406,0.800221733123145,0.934001476771181
1981-07-01,0.840166044599683,1.01330865023061,1.10365078107671,0.918682454854286,0.962981536790215,1.00291484027165,0.670121977838219,0.815951273478786,0.940862584266251
1981-10-01,0.854374452827331,1.01580039075931,1.09021220272121,0.860143792396854,0.917165927711744,0.988058900225971,0.722749047272359,0.856891978770717,0.948639824632925
1982-01-01,0.841619739099893,1.00184860632571,1.07626854872397,0.855234066134362,0.913006441321885,0.986901856322897,0.726308320479028,0.859757363597266,0.944195289886842
1982-04-01,0.809931556575208,0.968037110025296,1.05869459670912,0.904680148675862,0.952057204042294,0.999625507216207,0.672644276566573,0.803582547188494,0.917281398558131
1982-07-01,0.775407894376786,0.933039030983287,1.03034446640462,0.993944339943738,1.02097655541163,1.02040871278133,0.649927136191699,0.78326957999063,0.903845066308923
1982-10-01,0.760543027751703,0.901292653571374,0.995088668508573,0.930037373413513,0.968678717759001,1.00087073318057,0.686303540469271,0.799619903106922,0.900985355867374
1983-01-01,0.718427288445265,0.855589198637257,0.963179355929057,0.880336642644133,0.927920040671385,0.985438076398774,0.68843811675293,0.796233694475176,0.89624428953844
1983-04-01,0.671699297119768,0.808514373766102,0.935109615276021,0.839249834959854,0.893605573777646,0.972868449160514,0.66828567484501,0.779740259231452,0.889614668296153
1983-07-01,0.654581560843445,0.785310925418018,0.91692336841927,0.816819058837283,0.875510097548983,0.965940115393107,0.683058754199343,0.783503476221738,0.885335451145274
1983-10-01,0.625281903583308,0.759282263819652,0.902745429984285,0.817295961225902,0.876068328065587,0.965897210087651,0.626575380865557,0.735074351257968,0.864352933093682
1984-01-01,0.622164565922606,0.757325120172875,0.9036429197755,0.830905817308154,0.887761476333928,0.96932663911656,0.585723279853614,0.70146905069584,0.851589365067978
1984-04-01,0.613680436015225,0.753570386634226,0.910157368016095,0.874334647527231,0.922343901184406,0.980926536231948,0.560024152555147,0.679152839505562,0.841112503565424
1984-07-01,0.625565896217546,0.763758060616012,0.918571359675696,0.874454129235912,0.922480970519547,0.981514308523568,0.566634970208329,0.681313820426227,0.838708967870196
1984-10-01,0.623434857565293,0.765097176289946,0.924454729028616,0.830772386691537,0.887481752182546,0.969470094141972,0.56029047646806,0.67644628965464,0.836733703410725
1985-01-01,0.631005160861199,0.771661961503953,0.927787147169979,0.781172684341504,0.848408999948344,0.956347728050765,0.564033442043362,0.685126792091527,0.84514808648076
1985-04-01,0.612744530181485,0.755141990686451,0.918099221142658,0.757283351262889,0.828490549580669,0.948755339578641,0.544917953528718,0.669182549764233,0.839678305310747
1985-07-01,0.614767738751897,0.754207162625189,0.908963084717607,0.808208617481268,0.869390098484663,0.962032817536017,0.554014996605849,0.674779245154982,0.837122440857595
1985-10-01,0.643376759858109,0.784120311613403,0.927060370678798,0.833539267772536,0.890438294856371,0.970404520870516,0.575841856675645,0.692043755992556,0.842812817268245
1986-01-01,0.690512327268099,0.82754069768225,0.945788383707799,0.877859589414294,0.926120713135847,0.983454124896869,0.609001757371136,0.716898193989687,0.84936407460547
1986-04-01,0.663283216990278,0.802519507992553,0.930363530148336,0.933761046450772,0.971787504399927,1.00082722808416,0.601150775833294,0.709851118086494,0.844563902655616
1986-07-01,0.652493952960672,0.790393856615356,0.919649729012412,1.02182404687889,1.04155244990143,1.0252309749612,0.593696199707027,0.705865742070862,0.844196672179164
1986-10-01,0.672121355698481,0.807684148126521,0.928904878649843,1.00603081430914,1.02979543829231,1.0231116000213,0.612581830808294,0.725062931811378,0.854695491644221
1987-01-01,0.636434347840195,0.774932731318122,0.913235857472787,0.97755665868547,1.00858780060692,1.01757776623735,0.593503449580522,0.711986767813333,0.851602465285867
1987-04-01,0.597322973452813,0.738938302087569,0.895430351381444,1.01681446669462,1.040314110864,1.02866221099472,0.554144504715364,0.680570667574411,0.840357839964705
1987-07-01,0.615266237728797,0.755426804299328,0.901596400502213,1.28286575968793,1.23714111025037,1.08482699394921,0.575898355885005,0.697586794845582,0.844276914034893
1987-10-01,0.631463552966548,0.770314013206359,0.911068935981159,1.17264145237526,1.15574057598835,1.06066511572913,0.594143848341945,0.714550298218793,0.854415108570802
1988-01-01,0.592214184552006,0.73543509499038,0.895792508470615,0.932772486166881,0.968587831182905,0.998526679575645,0.566273742752166,0.692569159621208,0.849252620311457
1988-04-01,0.572939571531566,0.715035018778979,0.886404326653017,0.83449757007446,0.888601482401256,0.967385483523765,0.544577056694107,0.673318730250579,0.843176787525041
1988-07-01,0.571260177710071,0.707882675058752,0.879267758184668,0.758496195662904,0.826101367648127,0.944146876496364,0.547968926961428,0.668764982651164,0.835684904416883
1988-10-01,0.593720577780355,0.729051250495141,0.88830704320745,0.744165437718364,0.811996445657698,0.936995590532865,0.55326840737153,0.67270764458864,0.836969612776114
1989-01-01,0.622446813054455,0.75666845171291,0.900018761057828,0.738422950760657,0.807755446972627,0.936098217813187,0.583488534336154,0.697038393027145,0.845821707981848
1989-04-01,0.624850258580448,0.764187483980007,0.909514460671344,0.765571980790817,0.831005341228651,0.944858641722294,0.596579631878358,0.708791814504009,0.853031610732809
1989-07-01,0.616942960040811,0.757105973792818,0.902072551618537,0.798741259622018,0.85866808066422,0.954427708533331,0.605824213997996,0.715962841909824,0.854144021609527
1989-10-01,0.647474451840248,0.779597972379747,0.903641174786175,0.859865363254708,0.908098470733372,0.971543058627274,0.646669480357849,0.742183694396992,0.856179375794101
1990-01-01,0.656945779256677,0.792284653699736,0.911599326804808,0.904269334716319,0.944707013384472,0.985728860722882,0.645708678814916,0.747413928016246,0.859990994994491
1990-04-01,0.641607609082227,0.782165107375253,0.910580144205732,0.981396217648288,1.00597931752303,1.00670803847665,0.609701254136446,0.721268915056214,0.854388566551188
1990-07-01,0.656725824258738,0.80292391130756,0.92673668068713,1.06890852380049,1.07027806624964,1.02437895984793,0.612748162325056,0.729852139690408,0.86142844548779
1990-10-01,0.680647273230132,0.821164244665184,0.934592715796085,0.975697393473504,1.00082329584535,1.00395820143387,0.630501011767385,0.74467116121876,0.867784559381186
1991-01-01,0.64864044643227,0.788848967106165,0.92070247987124,0.91269756038499,0.951172469600389,0.987513325406739,0.606920606237983,0.723965456400392,0.858693248715727
1991-04-01,0.613459462526837,0.74358876600193,0.887670600310172,0.869679955616057,0.917290444257997,0.976932906743879,0.606963925108175,0.71273695480294,0.847766792802851
1991-07-01,0.579948814508029,0.714006101858305,0.872436014421922,0.837538420010942,0.892055951342189,0.968986468640373,0.575738831287372,0.691301826260296,0.84114816041515
1991-10-01,0.580327158135836,0.720318548673101,0.878332353565492,0.903275658463622,0.943917348580163,0.98587924383684,0.572445816747763,0.692530228587599,0.843378573192461
1992-01-01,0.572978859365828,0.710865566873777,0.874110034856325,0.801654405466162,0.861371848537514,0.956444825045507,0.566389479848335,0.685038474894828,0.839036513470577
1992-04-01,0.562276633314902,0.697212939860433,0.864926551057628,0.756663536739035,0.823811444996689,0.940784788419654,0.552347742654996,0.670717604564389,0.829765110123989
1992-07-01,0.573867422945658,0.702610174235754,0.865940235640887,0.719500442564521,0.793267131814417,0.929260925357308,0.578884213116065,0.685048815495637,0.829482380684799
1992-10-01,0.582349878178182,0.700472447265928,0.861467536488101,0.712348617172616,0.785861893677506,0.92499817717366,0.588543169577772,0.680765087875023,0.827031559125548
1993-01-01,0.562164194104672,0.689471055409218,0.853102523123723,0.701873955651255,0.776216302068414,0.920778360642244,0.568511966259549,0.675687655078258,0.828787396302616
1993-04-01,0.53799080419968,0.668474267143646,0.840036171935744,0.675396092425281,0.755274170845011,0.914028866158627,0.530467366471703,0.645371543078113,0.814907235171464
1993-07-01,0.536577371515359,0.667518786497207,0.842291928361968,0.66763313678269,0.749207735244654,0.911473361145268,0.538308358085133,0.649259463090888,0.814555052478889
1993-10-01,0.569213101517824,0.689598156570685,0.852389021170167,0.686054807949338,0.764022382461999,0.915785926753061,0.576283465003033,0.672822947987697,0.823373658309894
1994-01-01,0.567671072978983,0.699540734788074,0.864762553026979,0.707329522748082,0.781297262603803,0.921797183962246,0.56688216036736,0.678962157478339,0.832291672372502
1994-04-01,0.544272516020712,0.680380036225908,0.857635128098416,0.682464068206098,0.761508425333604,0.915123482775919,0.513361625497925,0.636482476013442,0.818547065263033
1994-07-01,0.545129869028535,0.680865020978317,0.858671434594435,0.678568518557346,0.757903350085426,0.913653732747389,0.518055384661518,0.640000096404204,0.820472668585098
1994-10-01,0.548704748650663,0.685705694197281,0.862617317610369,0.673286251299333,0.751901192992258,0.909991816087403,0.527182366961758,0.651602735883774,0.827165848709434
1995-01-01,0.560101696638945,0.694054954977609,0.865469676890202,0.65424689046741,0.736601779725602,0.904764299369945,0.556151690303372,0.67351088967063,0.836378703873061
1995-04-01,0.553655210382436,0.688823874534901,0.860962571669383,0.673574057643058,0.751668454263351,0.909150869737031,0.565728696567178,0.683312185487378,0.840851684552752
1995-07-01,0.548058607060694,0.685501155136483,0.858023922608584,0.685401544305738,0.761662434292786,0.912927117566353,0.565155788337151,0.686707191856873,0.845509532445413
1995-10-01,0.574666712432399,0.708300735525653,0.864661226513012,0.681949286558291,0.759976262927874,0.91373659957203,0.591179018347763,0.709182686840072,0.8534788373138
1996-01-01,0.595183007621678,0.725577033873623,0.873264253899303,0.699308040868421,0.774744618898849,0.920269067512331,0.617486088885796,0.726384243091962,0.85600537142666
1996-04-01,0.551169575604708,0.6888122944973,0.857121740710033,0.77541653400031,0.836511254085427,0.942734557005807,0.547821715753034,0.671701236998512,0.837713381791209
1996-07-01,0.543100705646527,0.6784843310158,0.851447308778201,0.790011701189363,0.851221497566339,0.952252787557205,0.53175072671823,0.656192126276296,0.830107663114602
1996-10-01,0.54453293358435,0.679855410768194,0.852155339349112,0.791102523419677,0.854382097239551,0.956688801776004,0.53094321885884,0.653579337396529,0.825087108694897
1997-01-01,0.543506092093176,0.678986057020533,0.849731576244421,0.840311797445353,0.894678394092651,0.971579817485621,0.527606518605349,0.648488660505095,0.821477871103369
1997-04-01,0.54329665880837,0.676732219536218,0.846406272441813,0.882152507840669,0.928958203978178,0.984004961035588,0.532386876709947,0.649740723207016,0.820160966016693
1997-07-01,0.553396582516917,0.683479478899468,0.846110612074527,0.902316370773831,0.945741741688682,0.991075786049586,0.561112990414639,0.671294841614489,0.825587972413899
1997-10-01,0.554217823626621,0.686830724458696,0.849682363113003,0.881685694061352,0.930568859621835,0.987860227948732,0.557817573754695,0.674132282397573,0.833039861044311
1998-01-01,0.5622743134427,0.695006089941308,0.851979667064377,0.934963853394571,0.972727624399185,1.0018836470716,0.565211058277248,0.681716036191439,0.838290207501417
1998-04-01,0.594531596818561,0.730026602554965,0.871953025080136,1.06781751375882,1.07513668404594,1.03450531742937,0.613711127961926,0.72564025550257,0.856842442832517
1998-07-01,0.618344772322818,0.758732870510629,0.898391515254651,1.17505324396264,1.15672828607022,1.06129089837495,0.620387946146324,0.734758305135736,0.86496983855161
1998-10-01,0.592911587589855,0.732816073583328,0.8880643222005,1.03403609329414,1.05259754068223,1.03266038683276,0.570329072897413,0.691421505864192,0.84823556462571
1999-01-01,0.595269781465329,0.736218750959296,0.888759361918569,1.01206998863422,1.03344741626343,1.02519237521428,0.552046660953079,0.676019583271636,0.842419537238111
1999-04-01,0.58362810291488,0.728740758064544,0.88877320724459,0.991208009947029,1.0183736072277,1.02233937880217,0.540647166574502,0.666765866414931,0.840635954761393
1999-07-01,0.583383236580993,0.728452487987221,0.891046644700999,1.01665326792436,1.03982841184586,1.03057661657787,0.555849951816886,0.677400627703932,0.844905178561589
1999-10-01,0.617832453372042,0.755335745037844,0.900319226537814,1.12815044323536,1.12167947280632,1.05387052100761,0.577630313971304,0.690280045775619,0.844609185097834
2000-01-01,0.647701095796861,0.786087470333956,0.916036430139921,1.22912202391652,1.1921696975941,1.07142997056763,0.591719489080229,0.702003145176324,0.849916898687689
2000-04-01,0.680620070638936,0.815349399769145,0.934135429658038,1.15975790296925,1.1432018749165,1.05977906115386,0.612108691422666,0.718767662071192,0.860504828919034
2000-07-01,0.666917600345147,0.809489779042125,0.932177482540678,1.11037836957558,1.11173809055172,1.05462722155985,0.607484517263263,0.724295283847285,0.867222704620799
2000-10-01,0.680624641861764,0.823322403657365,0.942440178294472,1.14493426216662,1.13804546092647,1.06186218704094,0.623166944560668,0.735534623855675,0.868993988480866
2001-01-01,0.677805643693844,0.821178159903881,0.937724106977537,1.08816900444248,1.09615099335004,1.05078514461043,0.612439181183867,0.729503351660663,0.865702872002393
2001-04-01,0.687623551577834,0.822686579344165,0.929735898961075,1.05874841322033,1.07334241565753,1.04195532261933,0.619829677981396,0.730742007386391,0.862887938824918
2001-07-01,0.765314943769666,0.885589112490111,0.947462172865794,1.17753500760673,1.15801088968706,1.06234084845941,0.635478739200295,0.742803877418986,0.866058121420487
2001-10-01,0.706887613990783,0.831120186009264,0.919738656854388,1.05247211695755,1.06564097953275,1.0358944520855,0.599704566704608,0.708352270600937,0.847682743091097
2002-01-01,0.638396903784873,0.771476684941019,0.896222482118051,1.0482795008603,1.06098769018817,1.03263539666602,0.569912641993146,0.680497486804406,0.834504956674352
2002-04-01,0.599729622020167,0.735855952712898,0.877820366245729,1.13397431335454,1.12457897329479,1.05094723726657,0.550710278642946,0.666853540563233,0.829157329456818
2002-07-01,0.596848178097145,0.734872461932555,0.879808922689816,1.15066816921905,1.13864782787441,1.05566040611652,0.558283011543003,0.67382338412581,0.833576951422733
2002-10-01,0.621039137236183,0.75851572038011,0.895361338241295,1.0257356310313,1.04379603197593,1.02586960211028,0.585568463376832,0.697349263479376,0.844511484661467
2003-01-01,0.647729064359818,0.788645268534507,0.912817441450554,0.948007220149154,0.981570274543538,1.00308554323633,0.583251555115901,0.69837022316414,0.847811041772293
2003-04-01,0.630382563210363,0.773404004711102,0.91054154219326,0.899223941589301,0.941216549257733,0.986499219441881,0.555647217145229,0.674609661981334,0.839243997840989
2003-07-01,0.629011306678598,0.760444928913382,0.893943695292555,0.843771659307318,0.895305978492475,0.968390786740167,0.550438132860087,0.665908537137348,0.832694885964175
2003-10-01,0.592616023780877,0.725303641550606,0.875162976364887,0.780208669738072,0.843986764500019,0.950297906949608,0.543434271494585,0.659306263749881,0.830029159311319
2004-01-01,0.593146586100569,0.725632975229036,0.875995217306585,0.742162832419211,0.811745736735094,0.93707251213935,0.560692869216722,0.675420176682526,0.838251617309207
2004-04-01,0.610796902444607,0.74507252857396,0.890056303211407,0.755188176088488,0.820808192630377,0.937695256838174,0.588794148970172,0.701124713057731,0.852335437375518
2004-07-01,0.595257113602734,0.735573979712037,0.883858816226016,0.755355689789368,0.819329992847157,0.935463383117231,0.568155003224565,0.688032422208212,0.84824102628281
2004-10-01,0.641754224000888,0.769191556896851,0.89621742553989,0.767272844201952,0.82571983770743,0.936080838476982,0.619627771665319,0.718037411151675,0.855085154330484
2005-01-01,0.62858187566176,0.765718604352117,0.897071446810671,0.755894678022016,0.819274013751183,0.933757145178324,0.605095240771255,0.71469774739579,0.855849951108397
2005-04-01,0.642290010249656,0.784612484456514,0.908460331110643,0.73866315392505,0.806162349865584,0.929275041016638,0.597745518064859,0.713164350579914,0.858305221197554
2005-07-01,0.730403383702598,0.863252939327354,0.937658757293533,0.714760217837388,0.785526236587332,0.921489789866314,0.677341408197292,0.770117738496123,0.876634803403053
2005-10-01,0.686843267474462,0.831570755392545,0.927550295920093,0.715736488120245,0.782819373144523,0.918034224164346,0.619531259032031,0.731354879750844,0.866706898473023
2006-01-01,0.654618270779843,0.798649203787959,0.912720532014194,0.696974583555408,0.768763132603517,0.912647268336148,0.58942887276846,0.706728469518457,0.857371794793535
2006-04-01,0.649596915466872,0.789287086022747,0.905691099009505,0.678716008596586,0.75567783917472,0.91012536222183,0.589393853517436,0.706488789041073,0.855130359059309
2006-07-01,0.667758666819678,0.805065028595384,0.90985359642881,0.645752415729351,0.729893512098592,0.902970823239631,0.603249332995503,0.715100571010753,0.858037592160158
2006-10-01,0.644405010870663,0.783946704700555,0.902969189997993,0.630639175282694,0.716751021990327,0.898878293301083,0.601453686306265,0.71666068159808,0.86019369824534
2007-01-01,0.633396888814813,0.767025365978333,0.894695826879002,0.65309030374833,0.736833065265018,0.907895481522927,0.581696889177647,0.696923024071955,0.850914809799958
2007-04-01,0.607058101581966,0.749261827180756,0.896173516523271,0.734160709090023,0.804746991637527,0.933503203304412,0.544321531857357,0.670200637017231,0.842242303666317
2007-07-01,0.657102349770511,0.798621203747784,0.926693650283579,0.802490270012619,0.862274322805623,0.957160740118108,0.559506269100563,0.684038359453429,0.848914449913778
2007-10-01,0.694654819928114,0.840841412128958,0.957687680347778,0.907474934027834,0.948463662367228,0.990204952420121,0.57752479931918,0.703868498808861,0.861048247264296
2008-01-01,0.719224522026076,0.864940627426765,0.975258369846805,0.977854231761257,1.00775934215992,1.0153979445973,0.610098904118355,0.729648527266953,0.872957185792503
2008-04-01,0.819968291238596,0.953781233064561,1.01099996668538,1.16830058149463,1.1551901777197,1.06414448694264,0.693064899267588,0.793993494179266,0.898684351461703
2008-07-01,1.01192576024824,1.1362730535884,1.08824590540967,1.42190802759633,1.3411444605054,1.11877861913312,0.828014214913117,0.90684201720513,0.941990769329557
2008-10-01,1.05761932537842,1.18371012435318,1.10293304262691,1.45601311939327,1.3639086818847,1.12358137288552,0.863069191599892,0.946797900110541,0.956942072363565
2009-01-01,0.943631041445369,1.07866994132511,1.05602639261765,1.39221782530728,1.31573192658934,1.10769205763469,0.7923307028066,0.884882929585022,0.930892642767438
2009-04-01,0.867948665066404,0.999774431743852,1.01109732241577,1.1853971305505,1.16333595086416,1.06352373638598,0.729229394069044,0.821763436203643,0.899591664572308
2009-07-01,0.783395417225802,0.914868784530887,0.968686547219829,1.0775099308873,1.0815064571034,1.03594608706437,0.701638634407126,0.796172704233351,0.886857972693091
2009-10-01,0.734646459336562,0.865654279602726,0.942702512547212,1.02512955021856,1.04141530105854,1.02234424446441,0.672675135422399,0.772716947149815,0.880804563099359
2010-01-01,0.719546835985222,0.84887622642407,0.933966682119445,1.04133245410388,1.0523964794182,1.02462793731173,0.680954491427455,0.776962716897381,0.882370321425513
2010-04-01,0.652940614079581,0.787112903103867,0.909286336586488,1.10202011973064,1.09621543230155,1.03627599318134,0.641136991168275,0.739946402345077,0.867428240256722
2010-07-01,0.610788765784035,0.748924071424576,0.88671947959793,1.07081621632936,1.07263999952008,1.02814465940844,0.601045395668012,0.711390865776801,0.855944368056199
2010-10-01,0.629376509393217,0.755723435571246,0.885892264818564,0.933165068431894,0.968164209636102,0.995914194223556,0.623404161971623,0.729755810340567,0.863565545291698
2011-01-01,0.632334072938084,0.76000784902227,0.885920773449731,0.856086988758921,0.908251023319604,0.97671414487155,0.639645529439153,0.740902889632969,0.864701498938263
2011-04-01,0.620816305878891,0.753211865510724,0.885482108093702,0.915659364298612,0.953600838794515,0.98990647444238,0.599098817126308,0.709145289088124,0.853608935277002
2011-07-01,0.624550639760898,0.757950943071066,0.886041145795367,1.09101705118574,1.08383920306422,1.02697712769547,0.586565577795187,0.700901315366269,0.849299192422295
2011-10-01,0.598687361572694,0.731430161891214,0.869617190570277,0.929826819280512,0.963937832457281,0.991857127653755,0.594010653948203,0.702794410877498,0.847313331003464
2012-01-01,0.573929607587199,0.709782302540795,0.857716802505086,0.835386464250045,0.888924078817185,0.965798079761703,0.569689821588415,0.685024819998962,0.840371138293328
2012-04-01,0.57044064159245,0.70749016615814,0.856400909922571,0.808219734203658,0.86510650736002,0.954620763159555,0.558510521336169,0.67521696416396,0.834622965909202
2012-07-01,0.577524534337676,0.712432362593349,0.856462050965835,0.737157743071477,0.806216588872614,0.933038630299531,0.563976691145457,0.67617503117548,0.832772568601302
2012-10-01,0.599386913256641,0.720504395532001,0.855690303334329,0.736698503714657,0.801527195074448,0.929458960941071,0.604368115136278,0.69968432269092,0.839751312218428
2013-01-01,0.573078187186769,0.713807506160132,0.863011033139803,0.740786193123727,0.806792530355446,0.930664117452169,0.563188984375131,0.683522440546289,0.844936477032593
2013-04-01,0.543105593547974,0.682292614841595,0.849906936102191,0.760713707807013,0.824050011768749,0.936510141961569,0.563411857449426,0.682559854055189,0.843804900751745
2013-07-01,0.533380268758885,0.671241980807755,0.841866805958398,0.77643352857751,0.836843853306634,0.940668797236408,0.576939560253718,0.695045638654554,0.850074063295493
2013-10-01,0.544253922525382,0.677871011858025,0.84117982853641,0.754696772612449,0.816446394859602,0.933812325197582,0.602083940175325,0.716175992252264,0.859153569098301
2014-01-01,0.546158860030516,0.675084638851243,0.836230262070723,0.74870663723795,0.813237145202094,0.93225961232331,0.613056540256036,0.722048727031173,0.860635704532069
2014-04-01,0.532303186075404,0.667310915110713,0.837126090800208,0.767420351695686,0.829095462264246,0.936172221139162,0.580414085717829,0.697506680056881,0.853243561789536
2014-07-01,0.566881521953557,0.704437480669817,0.860591754777599,0.808510837209693,0.861377121530886,0.946941113537652,0.583753217085158,0.701132524894896,0.855079923835872
2014-10-01,0.63395978431969,0.770981760768115,0.89562958605176,0.780332748453205,0.84154887123127,0.944246837772755,0.597326240030993,0.713270109834204,0.861238208580041
2015-01-01,0.674966110085617,0.809551559110939,0.915933919218149,0.776084066935875,0.84061865389739,0.947250357584565,0.615868492487226,0.7291156781772,0.867104483519429
2015-04-01,0.630458020865179,0.771258993617972,0.90479372601681,0.795881750089958,0.857083900512915,0.954162229528441,0.607112138155229,0.723211937698355,0.869890304169931
2015-07-01,0.621506800744844,0.76410482921679,0.899996824050553,0.871902646761232,0.917525785306079,0.974438577580414,0.597146181757089,0.719612978140144,0.868490091017131
2015-10-01,0.6496913158477,0.778092772084003,0.898687560258529,0.886171468785952,0.927525487622543,0.976149973906249,0.594516676454857,0.713543122976133,0.862477628405727
2016-01-01,0.627926216298788,0.763757173821548,0.895919533766609,0.846493944123949,0.895768414793317,0.96531998583872,0.602872498784822,0.718840047861393,0.862900523295201
2016-04-01,0.583332278081463,0.7243150178246,0.879709845308791,0.77257598098816,0.836400726683179,0.944240035688155,0.579901428446109,0.701453088446858,0.858931474568545
2016-07-01,0.572081183172264,0.713963423626358,0.875984391975278,0.779064822084231,0.839133563641622,0.94167210563578,0.56259475165528,0.686824687839161,0.855574972733965
2016-10-01,0.596356353590104,0.733731929338346,0.886045698670934,0.760356739346807,0.823077456085388,0.934565668637467,0.58474100479206,0.70028252687876,0.861531907495493
2017-01-01,0.583254975975211,0.720347250537933,0.875617360686635,0.679902782388773,0.757463272953145,0.911556105940758,0.585480124009913,0.701215195985809,0.857832151846977
2017-04-01,0.574191350067778,0.715277309978423,0.872174702728477,0.674848793844301,0.752259302162331,0.907921534741266,0.586676373840755,0.708650385989129,0.863907763463373
2017-07-01,0.587810035788056,0.724350030707699,0.870412085837608,0.708136204344953,0.778995707700469,0.916710101242826,0.600237452058895,0.715118605803714,0.861998599479653
2017-10-01,0.578100060483241,0.714217278832634,0.866892041745277,0.714960686842327,0.788701721239445,0.925794827465396,0.593579546855732,0.708491971039424,0.85811889117221
2018-01-01,0.58043029574792,0.714887182654147,0.869129752661338,0.753626368355594,0.821897677673486,0.940147553287744,0.600634158828516,0.712446589238662,0.859617449407408
2018-04-01,0.57703828380647,0.710036142420565,0.865555935084993,0.803212015944078,0.862414688496869,0.955138896525492,0.61481942559068,0.723065538365987,0.863307075238434
2018-07-01,0.566239959791281,0.706324654494813,0.866751509947057,0.947161003167468,0.975869267739878,0.993151465798532,0.595305713891123,0.711900295878603,0.86177492144422
2018-10-01,0.614428859220787,0.749415501845805,0.885520189032633,1.13922946681318,1.12131803344678,1.0385058923367,0.629584732885815,0.737719472740467,0.870229520765446
2019-01-01,0.605906383733321,0.745423721680815,0.886775257277928,1.03865258531688,1.04999779075953,1.02158705923035,0.618658748924735,0.732145753045223,0.872951092286474
2019-04-01,0.620435485219222,0.761178269266827,0.900466066738344,1.04582381588215,1.05601813229891,1.02461080239481,0.628441516759228,0.742666603597405,0.88276795061909
2019-07-01,0.654627468953093,0.795011233740128,0.923700244445834,1.00740104509003,1.02893925174831,1.01920509533163,0.67344417856702,0.785458142147019,0.907828595208678
2019-10-01,0.774057815402142,0.906634095698846,0.980667720127328,1.10027053387045,1.10183894555944,1.04444508070343,0.806026574780229,0.898986853074686,0.958391956539484
2020-01-01,1.1598119467565,1.25293503667804,1.13474249687733,1.4438913764207,1.34781743144934,1.11286444879541,1.22760691041799,1.24109024870798,1.08746397980726
2020-04-01,1.16955501166271,1.23905861135806,1.11897488009216,1.14615511658458,1.14485731987137,1.06304185532486,1.3253695523328,1.27999523839955,1.08910005870986
2020-07-01,0.944773720362428,1.05154822844947,1.0368071414825,1.10188053449398,1.10797387256126,1.04872977478796,1.06698886193069,1.10005924380214,1.02793138656968
2020-10-01,0.849782095246629,0.968629057882,0.995558518538912,1.09366702409479,1.1011767062465,1.04498538155759,0.96590179259742,1.02472125169001,1.00216028637311
2021-01-01,0.884241244321844,0.991661282273484,1.00250915072299,1.00704484078629,1.03700032640888,1.02624484553534,1.03111619549694,1.06810744428713,1.01878162079157
2021-04-01,0.804265207272991,0.922553849522762,0.975493498040246,0.933366620830105,0.983333297493877,1.01167348727793,0.857110367486861,0.940320782664749,0.975279403215253
2021-07-01,0.789968530987319,0.913923625428391,0.973762489265302,0.971692162981758,1.01256305068361,1.0209022660477,0.860163355437638,0.936222992883489,0.972566158758544
2021-10-01,0.779639781884536,0.910673588835478,0.978193826820296,1.01603751017979,1.04922357170868,1.03383875123677,0.809051493780745,0.896128912446649,0.957185766796625
2022-01-01,0.813908225062274,0.94880938606302,1.00341050263862,1.02947027079118,1.06170946343444,1.03948846180928,0.804385079139037,0.892073404062639,0.954136029884358
2022-04-01,0.831610608491179,0.972870065783086,1.02493424375079,1.14500672979906,1.13842614203687,1.05794859557492,0.785214740484061,0.880971644792199,0.95441828504291
2022-07-01,0.79313228275681,0.944063327796898,1.02316008514439,1.17966117825176,1.16067035999892,1.06212568411879,0.716865769770409,0.830956182102852,0.941440966922126
2022-10-01,0.795047528186741,0.933270407257989,1.00863721942243,1.11898998058299,1.11488406411041,1.04763472300576,0.766651901240623,0.859696532669271,0.946686393890954
2023-01-01,0.750419666881404,0.896234080245476,0.985813699293938,1.0413551538175,1.05535112872636,1.02780616846796,0.713663993055268,0.825939771948917,0.936741590449816
2023-04-01,0.71633204088948,0.863745520412337,0.966761345522692,1.02883485057711,1.04405224634774,1.02177052447635,0.680809783942372,0.796719719354343,0.922011166730839
2023-07-01,0.68965775732151,0.842981844306806,0.959542564381429,1.043665997708,1.05336357832024,1.02218607517275,0.658384150446566,0.779903736357422,0.914011405194158
2023-10-01,0.671975713071413,0.825190048117716,0.953050756763408,1.06664266489325,1.06847517836476,1.02467894089971,0.658717524461208,0.779159067339005,0.910853641035557
