h,impulse,response,mean,median,lower,upper,model,version,irf
1,Main,consumption,-0.509963567004457,-0.522042923521119,-0.77635972190311,-0.259646940434068,classical_fd,Current,-0.60148021731973
1,Main,hours_worked,-0.684442851816117,-0.693921838902077,-0.868765320020882,-0.507271394088073,classical_fd,Current,-0.789536279722737
1,Main,inflation,-0.0549778347788821,-0.0560068735006316,-0.0820965760723515,-0.0278165595781889,classical_fd,Current,-0.0613390906017935
1,Main,interest,-0.063886038208229,-0.061876486556984,-0.0913645283241402,-0.0386455107005274,classical_fd,Current,-0.0715755044797471
1,Main,investment,-1.68706348667378,-1.73730312046151,-2.12449827471239,-1.25974355275586,classical_fd,Current,-1.77917772897216
1,Main,labor_share,0.222049716595496,0.22404169966587,0.133884869591079,0.312939832234204,classical_fd,Current,0.246418212781907
1,Main,output,-0.650440747717532,-0.64483340248979,-0.772413781725996,-0.537963251143991,classical_fd,Current,-0.726472819509747
1,Main,productivity,-0.0298830667949652,-0.039927349713972,-0.208605521407334,0.151502727524722,classical_fd,Current,0.00337343751715998
1,Main,TFP,0.233118941759559,0.234945831955846,0.162103783719317,0.304679196178369,classical_fd,Current,0.261814916442726
1,Main,unemployment,0.398279231506441,0.40835732658583,0.215682694253743,0.592942625594231,classical_fd,Current,0.46784371542847
10,Main,consumption,0.0117916084272733,0.00348575829077465,-0.154770662102433,0.185879048331727,classical_fd,Current,0.00730778856031603
10,Main,hours_worked,0.0962389392229893,0.0956219988118095,-0.123443983613293,0.322917474638101,classical_fd,Current,0.115172036503218
10,Main,inflation,0.0125176328582064,0.0130609634950919,-0.0135576428532199,0.0382602218895188,classical_fd,Current,0.0194538909886914
10,Main,interest,-0.023441153834208,-0.0246021832584011,-0.0651435092379396,0.0190172654484899,classical_fd,Current,-0.0158225657533409
10,Main,investment,0.848200560878972,0.878887772270666,0.0421293649739284,1.66465634349299,classical_fd,Current,0.94311222215749
10,Main,labor_share,-0.147345795228426,-0.154132281962506,-0.256041181473072,-0.0327512159907943,classical_fd,Current,-0.146169221955508
10,Main,output,0.126534433463648,0.127308666857626,-0.134604628094285,0.397526668211949,classical_fd,Current,0.136777275151444
10,Main,productivity,0.183122298525114,0.183965258869685,0.0528195990259222,0.313411487643336,classical_fd,Current,0.182400967816789
10,Main,TFP,0.0882513579693053,0.0825358026640021,-0.0221639758150253,0.200625933297694,classical_fd,Current,0.105741472294948
10,Main,unemployment,-0.0123506671664595,-0.0101518336559303,-0.136805875580809,0.107644111950453,classical_fd,Current,-0.011893906644464
11,Main,consumption,0.0332057618439051,0.0243957893107567,-0.134070053267295,0.206017571369418,classical_fd,Current,0.0264672972866147
11,Main,hours_worked,0.139258872146389,0.140743948338274,-0.0742116836166315,0.352385240437263,classical_fd,Current,0.156616395557852
11,Main,inflation,0.0172251758868469,0.0179162054235858,-0.00715440267843311,0.041190860522353,classical_fd,Current,0.0237532007539342
11,Main,interest,-0.0110984106986523,-0.0110948850385071,-0.053338565884721,0.0305354460213691,classical_fd,Current,-0.00264602001371906
11,Main,investment,0.920878329055529,0.952629231433666,0.191561689874246,1.66629691624601,classical_fd,Current,1.00001485386199
11,Main,labor_share,-0.122537052887238,-0.12600385971893,-0.239368117609447,-0.0033010869954824,classical_fd,Current,-0.120150394474735
11,Main,output,0.156246660279476,0.155958339037478,-0.0942519560388945,0.417741063904878,classical_fd,Current,0.163310446060903
11,Main,productivity,0.154143085967047,0.156837060892027,0.0234005561296232,0.286335034710399,classical_fd,Current,0.149331493856959
11,Main,TFP,0.078092739360291,0.0748283437407499,-0.0344292939685118,0.192422698369393,classical_fd,Current,0.0940306469889103
11,Main,unemployment,-0.039868240586855,-0.0371142970430192,-0.154568867767915,0.0702884448277326,classical_fd,Current,-0.0381042269874979
12,Main,consumption,0.0486077248980455,0.0389092161249218,-0.115558851914449,0.219448258979309,classical_fd,Current,0.0392843277672172
12,Main,hours_worked,0.168826037878825,0.172722351614081,-0.0319810865230187,0.367413388668668,classical_fd,Current,0.183593389404721
12,Main,inflation,0.0209698691212074,0.0215019041862079,-0.00242435744566391,0.0439399850581545,classical_fd,Current,0.0269980710605357
12,Main,interest,-0.000107261851839384,0.000614991979954333,-0.0409145521032849,0.0392450828087277,classical_fd,Current,0.00884155126181038
12,Main,investment,0.947386773185856,0.979692116164111,0.258987849132327,1.60941735013741,classical_fd,Current,1.00915830984437
12,Main,labor_share,-0.0952695735569374,-0.0979171085374437,-0.218627149206435,0.0241266642083714,classical_fd,Current,-0.0916924113732484
12,Main,output,0.173923934775226,0.174056851831462,-0.0773406766435468,0.435339007107754,classical_fd,Current,0.177142482594435
12,Main,productivity,0.124628057705183,0.125360421335235,-0.00986513789826132,0.261833917200871,classical_fd,Current,0.116192375993497
12,Main,TFP,0.0706744693988178,0.0669022755043417,-0.0443831865591163,0.187313167122923,classical_fd,Current,0.085066886797926
12,Main,unemployment,-0.0595745124266684,-0.0551339517635175,-0.163726950324138,0.0424591850696202,classical_fd,Current,-0.0559248200886974
13,Main,consumption,0.0585205440863536,0.0516505163439316,-0.105179100581788,0.227313611638735,classical_fd,Current,0.0464807107034462
13,Main,hours_worked,0.186410460978882,0.192919629482248,-0.0012495753523012,0.370185875319238,classical_fd,Current,0.197952396599339
13,Main,inflation,0.0237585019038637,0.0243548949514963,0.00115023346333794,0.0461759122362709,classical_fd,Current,0.0292337509515818
13,Main,interest,0.00937802884054287,0.0100546619475232,-0.0301247361616544,0.047497498870281,classical_fd,Current,0.0185118254945701
13,Main,investment,0.935866195009403,0.951522213900793,0.295381651131911,1.57653052890971,classical_fd,Current,0.979734850106702
13,Main,labor_share,-0.0675278754068452,-0.0721205189074215,-0.192456911374259,0.0521458352615337,classical_fd,Current,-0.0629293301965474
13,Main,output,0.181270094590982,0.178544689987671,-0.0595113010261896,0.430703080061969,classical_fd,Current,0.180270819673666
13,Main,productivity,0.0960164659041709,0.0943853386132793,-0.0355424495751121,0.231092553662742,classical_fd,Current,0.0844596236137536
13,Main,TFP,0.0655413569700112,0.0610277240964248,-0.0565846334062093,0.187283854630013,classical_fd,Current,0.0784362859236541
13,Main,unemployment,-0.0721313577299256,-0.0702043935653703,-0.172072756268662,0.0225224349474108,classical_fd,Current,-0.0662264572808877
14,Main,consumption,0.063635373051645,0.0566722468175202,-0.102503834514278,0.234071320508795,classical_fd,Current,0.0489228152552446
14,Main,hours_worked,0.193682853451601,0.200041289274606,0.0237088642977646,0.361983282840222,classical_fd,Current,0.201714488679286
14,Main,inflation,0.0256363639183164,0.0261572856666014,0.00464635165161985,0.0466325585087049,classical_fd,Current,0.0305260791744907
14,Main,interest,0.0172857422982517,0.0186615721200856,-0.0191847374522105,0.0537856155246436,classical_fd,Current,0.0263321802037696
14,Main,investment,0.89430379630558,0.901523168682689,0.267119193799685,1.52319433743709,classical_fd,Current,0.920684149799298
14,Main,labor_share,-0.0408357355450857,-0.0439762211651654,-0.161572592933455,0.0795303067326922,classical_fd,Current,-0.0354574488191123
14,Main,output,0.18006806783909,0.180349061158545,-0.0588361198901281,0.422611958972694,classical_fd,Current,0.174750849981563
14,Main,productivity,0.0693523657260909,0.0649434433467604,-0.0612614767495848,0.204202888582107,classical_fd,Current,0.0551665391617533
14,Main,TFP,0.0622229223430539,0.0586661723945996,-0.0652416264535582,0.189548741569266,classical_fd,Current,0.0736725503558706
14,Main,unemployment,-0.0783882594934386,-0.0769314064428004,-0.170747253447108,0.00764296652445949,classical_fd,Current,-0.0700595244374523
15,Main,consumption,0.0646914164248449,0.0589078046950157,-0.100682591606456,0.237796752274115,classical_fd,Current,0.0474782676315845
15,Main,hours_worked,0.1924013819915,0.195897045491578,0.0321493742019243,0.350740006199945,classical_fd,Current,0.196940631613635
15,Main,inflation,0.0266809106041428,0.0272058965735167,0.00692961916974445,0.0467678947603305,classical_fd,Current,0.0309738256918425
15,Main,interest,0.0236178690979326,0.0243108032829109,-0.0101779473287863,0.0573518874076816,classical_fd,Current,0.0323530061288444
15,Main,investment,0.830225449573495,0.820918008341686,0.239689406992419,1.43199838648811,classical_fd,Current,0.840354819151916
15,Main,labor_share,-0.0162994564316902,-0.0165598595936861,-0.133318926085308,0.103049267197494,classical_fd,Current,-0.0104402759539833
15,Main,output,0.172063703859281,0.171862363664202,-0.0621059951054506,0.408722963012651,classical_fd,Current,0.162569368005738
15,Main,productivity,0.0453572404835862,0.0406453381025753,-0.0834728374701006,0.181119420495847,classical_fd,Current,0.0290173915937255
15,Main,TFP,0.0602849107302768,0.0564307159896714,-0.0698456782989863,0.19017712992412,classical_fd,Current,0.0703393539763654
15,Main,unemployment,-0.0792809414985512,-0.0781120270789664,-0.165082570173546,0.00120696633887113,classical_fd,Current,-0.0685323162778787
16,Main,consumption,0.0624588313771537,0.0563702610316379,-0.104578479490681,0.236421069838629,classical_fd,Current,0.0430149299675258
16,Main,hours_worked,0.184327626789606,0.184697059932542,0.031951711194707,0.335499538533403,classical_fd,Current,0.185638934507713
16,Main,inflation,0.0269928785697611,0.0270649966499002,0.00804867816553058,0.046218446653619,classical_fd,Current,0.0306954795282764
16,Main,interest,0.0284364128155176,0.0295556541239077,-0.00509771948059342,0.0601183789057311,classical_fd,Current,0.0366874312876637
16,Main,investment,0.750546376938347,0.742621381629263,0.187186730731852,1.34274016687072,classical_fd,Current,0.746300390018852
16,Main,labor_share,0.00531920629515216,0.00486230531690431,-0.109087357784468,0.117020330338963,classical_fd,Current,0.0113430437398565
16,Main,output,0.158927958298589,0.159777252659928,-0.0727386929247116,0.394245708374342,classical_fd,Current,0.145594878494059
16,Main,productivity,0.0244685142405606,0.020067953402661,-0.105214771830922,0.159303607281256,classical_fd,Current,0.0064100226322424
16,Main,TFP,0.0593242189435859,0.0541533080328692,-0.0752203265353378,0.19405122387185,classical_fd,Current,0.0680236068555603
16,Main,unemployment,-0.0757899496590479,-0.0739639803632459,-0.154711732801416,0.00134572924892661,classical_fd,Current,-0.0627700527826154
17,Main,consumption,0.0576888478199374,0.0522260837324549,-0.108328007919539,0.230474592715606,classical_fd,Current,0.0363504236946479
17,Main,hours_worked,0.17115181943244,0.171201610710377,0.0261129870112983,0.312887533091737,classical_fd,Current,0.169687118731295
17,Main,inflation,0.0266831407347102,0.0266107398175884,0.00796844056174767,0.0453850604272147,classical_fd,Current,0.0298173997634056
17,Main,interest,0.0318493765567808,0.031702439789706,-0.000567860498457289,0.0625242399799834,classical_fd,Current,0.0394938771094018
17,Main,investment,0.661400363996245,0.653681772159142,0.126697986878031,1.23199514655434,classical_fd,Current,0.645096401502288
17,Main,labor_share,0.0235697558255831,0.0227913330359746,-0.0842269205213905,0.131405197461895,classical_fd,Current,0.0294544914210974
17,Main,output,0.142195228997263,0.141597679221596,-0.0834375440684704,0.380276019787335,classical_fd,Current,0.125511078334991
17,Main,productivity,0.00688342273643049,0.00308674880123794,-0.122788963978502,0.142242786363267,classical_fd,Current,-0.0125109602183942
17,Main,TFP,0.0589843749540407,0.0540346746706198,-0.0776372594134358,0.196961547989746,classical_fd,Current,0.0663588739458535
17,Main,unemployment,-0.0688846800670416,-0.0661134191009363,-0.143827074232239,0.00393997460126932,classical_fd,Current,-0.0538548973811148
18,Main,consumption,0.0510885938701175,0.0476269383386558,-0.116144691871309,0.222031103527909,classical_fd,Current,0.0282319122481097
18,Main,hours_worked,0.154438800748673,0.151157546013159,0.0166306794893419,0.292457487301075,classical_fd,Current,0.150779103925421
18,Main,inflation,0.0258676191549493,0.0254494077909132,0.00786749012930219,0.0439962704070814,classical_fd,Current,0.0284682766364445
18,Main,interest,0.033998018967015,0.0342373577301194,0.00308670404341278,0.063699721376723,classical_fd,Current,0.0409605284367219
18,Main,investment,0.568068591493814,0.549350350004076,0.0639459679456274,1.11787541818912,classical_fd,Current,0.542274812145841
18,Main,labor_share,0.0382524963732232,0.0388838465049702,-0.068800386207375,0.141715118077546,classical_fd,Current,0.0437317979937102
18,Main,output,0.123234972933106,0.119975026427404,-0.0972277387353685,0.358687046011464,classical_fd,Current,0.103788479666591
18,Main,productivity,-0.0073940895108965,-0.00947917049971299,-0.138976893532059,0.127780187171693,classical_fd,Current,-0.0278040869380017
18,Main,TFP,0.0589587274883638,0.0540175621038235,-0.081223158423373,0.200000417337813,classical_fd,Current,0.0650302560414065
18,Main,unemployment,-0.0594873723289274,-0.0566567306003035,-0.128922236360971,0.0101097564674471,classical_fd,Current,-0.0427903888659778
19,Main,consumption,0.0432991831058704,0.039819081509648,-0.122522594495458,0.214420482280176,classical_fd,Current,0.0193175816127797
19,Main,hours_worked,0.135588117323115,0.129245767096722,0.00931871275315877,0.272695193306844,classical_fd,Current,0.130389701686057
19,Main,inflation,0.024659779921136,0.0239598219824338,0.0073535519258339,0.0425509494727199,classical_fd,Current,0.0267715604998697
19,Main,interest,0.0350445196487073,0.0350158772289524,0.00496417797913053,0.0638022234837988,classical_fd,Current,0.0412913484011231
19,Main,investment,0.474935452704109,0.444895799133604,-0.00783237922560315,1.00236306698805,classical_fd,Current,0.442298406917482
19,Main,labor_share,0.0493752490974898,0.0497127801080401,-0.0514508016723676,0.149325077748663,classical_fd,Current,0.0542374671840442
19,Main,output,0.103228160664595,0.100279174759527,-0.116193303419866,0.332800645834799,classical_fd,Current,0.081663916615577
19,Main,productivity,-0.0185122812636236,-0.0204413112503796,-0.149233595369696,0.116027854032852,classical_fd,Current,-0.039684680883385
19,Main,TFP,0.0589935336038714,0.0526713652439673,-0.0841822544361003,0.202677228539716,classical_fd,Current,0.0637789268357384
19,Main,unemployment,-0.0484433586953617,-0.0461833826805884,-0.116626747918556,0.0168213237900704,classical_fd,Current,-0.0304733114013026
2,Main,consumption,-0.416331961722739,-0.41186815634403,-0.514289374890096,-0.317703741606984,classical_fd,Current,-0.454915027187693
2,Main,hours_worked,-0.714532182559515,-0.715581411195279,-0.799624001187556,-0.632743053175671,classical_fd,Current,-0.777993368037893
2,Main,inflation,-0.0290234515592225,-0.0292489771398567,-0.0527138863789945,-0.00443767270125712,classical_fd,Current,-0.0284708107534381
2,Main,interest,-0.105964604485205,-0.1036064056863,-0.139192148610194,-0.0727602449397533,classical_fd,Current,-0.114230436791629
2,Main,investment,-1.88880032905161,-2.06318452669381,-2.72291803197039,-0.946012457402031,classical_fd,Current,-1.88819677667681
2,Main,labor_share,0.0711818811493094,0.075267534370161,-0.0141470238834406,0.155024562706418,classical_fd,Current,0.0632263816291282
2,Main,output,-0.634799747853435,-0.653258325101185,-0.776569909924737,-0.492526407124822,classical_fd,Current,-0.663054566713806
2,Main,productivity,0.0725563271421228,0.0624081884283353,-0.123862523376071,0.272400244350489,classical_fd,Current,0.117348900745583
2,Main,TFP,0.254645687223561,0.258402191532994,0.164525057547222,0.349197217978111,classical_fd,Current,0.275058548470506
2,Main,unemployment,0.453165511614455,0.453656038475541,0.367694860754012,0.53217586426844,classical_fd,Current,0.499155373215629
20,Main,consumption,0.0348819391315362,0.0350162832003776,-0.132992270157808,0.211276229488004,classical_fd,Current,0.0101665013266052
20,Main,hours_worked,0.115809663801393,0.108800493261804,-0.0074049702976352,0.250435664867161,classical_fd,Current,0.109756170636752
20,Main,inflation,0.0231667887874144,0.0225544426134823,0.00604943579620282,0.0402860978342352,classical_fd,Current,0.0248414420755506
20,Main,interest,0.0351615114403799,0.0346160991334209,0.00644048157541314,0.0634625232366163,classical_fd,Current,0.0406945403251738
20,Main,investment,0.385496599258564,0.348317857113217,-0.0800929841895831,0.89314226465792,classical_fd,Current,0.348594201034763
20,Main,labor_share,0.0571053371028407,0.0590913566105881,-0.0384515109153405,0.154297569050315,classical_fd,Current,0.0612035978914481
20,Main,output,0.0831586676933791,0.0831123896383307,-0.135173642190062,0.314484178700041,classical_fd,Current,0.0601367975015253
20,Main,productivity,-0.0267308806479672,-0.0281536126707957,-0.158309449274061,0.107086782414564,classical_fd,Current,-0.0484797622155179
20,Main,TFP,0.0588880563982976,0.0527152285725839,-0.086696242060653,0.203842397322249,classical_fd,Current,0.0624024457732071
20,Main,unemployment,-0.0365013198544732,-0.0341870669494459,-0.101563486678126,0.0232032562842888,classical_fd,Current,-0.0176766075980571
21,Main,consumption,0.0263111339566676,0.026787400011128,-0.146950614012777,0.205538875203629,classical_fd,Current,0.00123505059638105
21,Main,hours_worked,0.0961117746228209,0.0907626807769755,-0.0230237015595275,0.228561641422834,classical_fd,Current,0.0898737834485343
21,Main,inflation,0.0214859396985728,0.0208273723946447,0.00496731539007413,0.0382542070551736,classical_fd,Current,0.0227793808465191
21,Main,interest,0.0345230505863224,0.0339795107437329,0.00648722343477188,0.0622428898787042,classical_fd,Current,0.0393730443201224
21,Main,investment,0.302397690013766,0.273851120324331,-0.153596570068057,0.789107415273594,classical_fd,Current,0.263621435276094
21,Main,labor_share,0.0617283490208399,0.0630866421721382,-0.0301565010908953,0.151903761080774,classical_fd,Current,0.0649841458159367
21,Main,output,0.0638134557624883,0.0653200820765434,-0.15375029281286,0.292251202210936,classical_fd,Current,0.0399755517665687
21,Main,productivity,-0.0323857383151269,-0.0324922091877545,-0.16426559477792,0.105451138482744,classical_fd,Current,-0.0545889120336059
21,Main,TFP,0.0584922298181792,0.0530974438325816,-0.0887081419910651,0.207450136591321,classical_fd,Current,0.0607522135196028
21,Main,unemployment,-0.0243015103338748,-0.0218334469234907,-0.0850944788570291,0.0328877676024163,classical_fd,Current,-0.00504119469472544
22,Main,consumption,0.0179717188995203,0.0180625740033428,-0.158384697020931,0.198612125195321,classical_fd,Current,-0.00712186869675149
22,Main,hours_worked,0.0773002820103282,0.0721507465217627,-0.0383432523173024,0.205535468680947,classical_fd,Current,0.0715026643709267
22,Main,inflation,0.0197026739868291,0.0192354054532005,0.00330787996751302,0.0359575876101969,classical_fd,Current,0.0206722531354218
22,Main,interest,0.0332974124856724,0.0323371535421502,0.00660187974497704,0.0601422525633207,classical_fd,Current,0.0375172433118791
22,Main,investment,0.227500547129679,0.204648013942806,-0.209069812477593,0.702378686429387,classical_fd,Current,0.18896759884937
22,Main,labor_share,0.0636101058799133,0.063184311040489,-0.0228402049782258,0.152389564641847,classical_fd,Current,0.0660115434729277
22,Main,output,0.0457909652142082,0.0429710072509418,-0.175599522600536,0.278445758063104,classical_fd,Current,0.0217327164348114
22,Main,productivity,-0.0358573171636131,-0.0346578183019957,-0.172836965246096,0.105781499064385,classical_fd,Current,-0.0584498363663006
22,Main,TFP,0.0577029357373727,0.0516807698912713,-0.0923658858822933,0.208442937053541,classical_fd,Current,0.0587291831713908
22,Main,unemployment,-0.0123708853564175,-0.0105712672756052,-0.0713278198716702,0.0434166343724773,classical_fd,Current,0.00692499233130192
23,Main,consumption,0.0101615200806369,0.00772489478317322,-0.168955131421702,0.196534483885821,classical_fd,Current,-0.0146452584395758
23,Main,hours_worked,0.059986128511192,0.0555442060603259,-0.055411367411418,0.186748825825391,classical_fd,Current,0.0551833449040313
23,Main,inflation,0.0178894054422643,0.0170095225483893,0.00225319610027916,0.033781089706672,classical_fd,Current,0.0185914844454555
23,Main,interest,0.0316415424742699,0.0308550173732357,0.00589525124624572,0.0576345278673272,classical_fd,Current,0.0352996575741327
23,Main,investment,0.161967502138764,0.143168536362421,-0.279896378137819,0.621092382900878,classical_fd,Current,0.125461655307656
23,Main,labor_share,0.0631638617768814,0.0607031954516919,-0.0191163254935007,0.147328988477092,classical_fd,Current,0.0647597004224123
23,Main,output,0.0295154741685449,0.0281571888327109,-0.19507194073298,0.268491429110413,classical_fd,Current,0.00576617295555994
23,Main,productivity,-0.0375443186920933,-0.0368485562839281,-0.175684354118405,0.109216822692283,classical_fd,Current,-0.0605098942740586
23,Main,TFP,0.0564588838733968,0.0506264637012718,-0.0934640579918459,0.207606240309378,classical_fd,Current,0.0562780673329853
23,Main,unemployment,-0.00112404082432737,0.000164230979482144,-0.0576579984303441,0.0530957907289476,classical_fd,Current,0.0178418998799467
24,Main,consumption,0.00309659864769288,-0.000987345892320852,-0.179015458870477,0.189916189932279,classical_fd,Current,-0.0211635614650266
24,Main,hours_worked,0.044599550975904,0.0409153930430977,-0.0732118970582073,0.16609468738262,classical_fd,Current,0.0412585321772462
24,Main,inflation,0.0161052123516668,0.0150800983503309,0.000918131388588781,0.0314142617376311,classical_fd,Current,0.0165930939572004
24,Main,interest,0.0296970984531349,0.0291290396248719,0.00426623629427117,0.0554230335939669,classical_fd,Current,0.0328714742216844
24,Main,investment,0.106356947246207,0.0932331930950564,-0.342713055920266,0.557737559033929,classical_fd,Current,0.0732960970086397
24,Main,labor_share,0.0608225149375854,0.057702551841582,-0.0183769728059726,0.141702709114396,classical_fd,Current,0.0617132561220246
24,Main,output,0.0152556135355823,0.0117227682277223,-0.217849602348683,0.257307967495939,classical_fd,Current,-0.00773574434246886
24,Main,productivity,-0.0378421085160558,-0.0342726655954922,-0.180967150892523,0.113574841810613,classical_fd,Current,-0.061203258886717
24,Main,TFP,0.054734843492667,0.0489719922393519,-0.0969293400479694,0.208227302723829,classical_fd,Current,0.0533808439480302
24,Main,unemployment,0.00913138039621851,0.00983409167415766,-0.0456720268881345,0.0618352851436848,classical_fd,Current,0.0274478344010197
25,Main,consumption,-0.00308099938251006,-0.00582053641168269,-0.187866572445803,0.187393474507616,classical_fd,Current,-0.026582103488817
25,Main,hours_worked,0.0314088439176744,0.0293214536247178,-0.087720122288012,0.153016401262131,classical_fd,Current,0.0298988951009529
25,Main,inflation,0.0143961543374897,0.0132099285134743,-0.000857385733710662,0.029370753023546,classical_fd,Current,0.0147184357225099
25,Main,interest,0.0275879146582683,0.0267597269596019,0.0030165642291191,0.0530806814140884,classical_fd,Current,0.0303606785066881
25,Main,investment,0.0607239694008649,0.052004294420031,-0.385340376966189,0.497369860790591,classical_fd,Current,0.0321508914311889
25,Main,labor_share,0.0570159548647623,0.053589187391606,-0.0193645537173287,0.13346293728292,classical_fd,Current,0.0573430475541519
25,Main,output,0.00314545876039076,0.00154511597741351,-0.234362768265976,0.245222217539958,classical_fd,Current,-0.0187270570351265
25,Main,productivity,-0.0371259388923593,-0.0330015009703015,-0.189035885771393,0.11784033261147,classical_fd,Current,-0.0609336008211454
25,Main,TFP,0.052535490339625,0.0487574649750597,-0.100963784857605,0.204980968748247,classical_fd,Current,0.0500499104726098
25,Main,unemployment,0.0181859048058273,0.0186553227786189,-0.0335089331941495,0.0695726184335349,classical_fd,Current,0.0355867550632778
26,Main,consumption,-0.00829399803336307,-0.0111375901684517,-0.196238073065096,0.187748813115054,classical_fd,Current,-0.0308713937935477
26,Main,hours_worked,0.0205419731395079,0.0185637961898315,-0.0986674220756026,0.142844991918721,classical_fd,Current,0.021130923376346
26,Main,inflation,0.0127960805425401,0.011637594452394,-0.00192895696547087,0.0276100634855128,classical_fd,Current,0.0129954436249996
26,Main,interest,0.0254186993454626,0.0248319064409998,0.000666335838692744,0.0512194973610896,classical_fd,Current,0.0278715408234307
26,Main,investment,0.0247207779431231,0.0187875872133947,-0.426394623380079,0.461781178217966,classical_fd,Current,0.00131352474862435
26,Main,labor_share,0.0521533481769446,0.0477810794016035,-0.0206901748418783,0.127190506734949,classical_fd,Current,0.0520875246794599
26,Main,output,-0.00679324414511042,-0.0115889999397613,-0.249620241365426,0.234072273970338,classical_fd,Current,-0.0272765155525667
26,Main,productivity,-0.0357386071385177,-0.032867719631121,-0.194016232605694,0.118985442220321,classical_fd,Current,-0.0600618536585096
26,Main,TFP,0.0498892577688157,0.0465585793730033,-0.103392112746641,0.205058890102467,classical_fd,Current,0.0463213114205428
26,Main,unemployment,0.0259171783063572,0.0260704985366135,-0.0245958202738119,0.0764531295607064,classical_fd,Current,0.0421936217147033
27,Main,consumption,-0.0125198350037958,-0.0172522675221038,-0.203289769380898,0.186541274629154,classical_fd,Current,-0.0340550073343728
27,Main,hours_worked,0.01200955301728,0.011151723206748,-0.114513419566999,0.138104420263506,classical_fd,Current,0.0148652378922997
27,Main,inflation,0.0113277817152646,0.0103268837764149,-0.00322540143857195,0.0259100690698738,classical_fd,Current,0.0114402216382457
27,Main,interest,0.0232747693736591,0.0224813024588245,-0.00100481191194994,0.0485819818179036,classical_fd,Current,0.0254852059418144
27,Main,investment,-0.00230707304883249,-0.00546561759385785,-0.458473595596912,0.44764581603208,classical_fd,Current,-0.0202091244782418
27,Main,labor_share,0.0466100238086404,0.0426847655983825,-0.0234749160299145,0.119094127025902,classical_fd,Current,0.0463395921159163
27,Main,output,-0.0146288437072063,-0.0179609392005137,-0.262435828106507,0.230472655438331,classical_fd,Current,-0.0335407882762945
27,Main,productivity,-0.0339821249574891,-0.0320791353105732,-0.197555119461172,0.121634298548209,classical_fd,Current,-0.058898514146277
27,Main,TFP,0.046842439438579,0.0441348778392939,-0.10744758257015,0.200059619550835,classical_fd,Current,0.0422483142341878
27,Main,unemployment,0.0322775643599895,0.0309741527861786,-0.0183165569087433,0.0815246180867351,classical_fd,Current,0.0472788197519694
28,Main,consumption,-0.0157803951552054,-0.0208508970055872,-0.209847058590906,0.187075256517936,classical_fd,Current,-0.0361976678984322
28,Main,hours_worked,0.00572795428002063,0.00485222611653181,-0.125611411124834,0.135894113988865,classical_fd,Current,0.010924041993279
28,Main,inflation,0.0100043639930773,0.00932124260873283,-0.00380403308363514,0.023961695515514,classical_fd,Current,0.0100588269896889
28,Main,interest,0.0212226199263636,0.0206607199435497,-0.00290995239449078,0.0465907735434715,classical_fd,Current,0.0232611340995789
28,Main,investment,-0.0212317432253509,-0.0229718066682265,-0.482206376773522,0.440115828878875,classical_fd,Current,-0.033590196566674
28,Main,labor_share,0.0407185152912596,0.0378925081184673,-0.0263761155999371,0.110412597697153,classical_fd,Current,0.0404382921578484
28,Main,output,-0.0204984573288406,-0.0235522803605177,-0.275872186138734,0.239515942494994,classical_fd,Current,-0.0377394575669087
28,Main,productivity,-0.032112891633477,-0.0329266978567719,-0.197662920414575,0.125986565002544,classical_fd,Current,-0.0576998548508645
28,Main,TFP,0.0434537424915603,0.0399427623670156,-0.111489528084629,0.199163145092105,classical_fd,Current,0.0378955493335904
28,Main,unemployment,0.0372811931340477,0.0351057454529616,-0.0128822618280659,0.0863858282424856,classical_fd,Current,0.0509125291301276
29,Main,consumption,-0.0181320074413873,-0.0229505789633327,-0.216881893395406,0.189161232202396,classical_fd,Current,-0.0373940101398224
29,Main,hours_worked,0.00154156821411972,0.00143946439934402,-0.133344639427344,0.137020527666439,classical_fd,Current,0.00906671140140314
29,Main,inflation,0.00883073719895538,0.00795913227812382,-0.00463991385650701,0.0224068153497256,classical_fd,Current,0.0088491258828537
29,Main,interest,0.0193111372244096,0.0184025443808688,-0.00548156624617719,0.0444007798429511,classical_fd,Current,0.0212391592790661
29,Main,investment,-0.0330635406193381,-0.0332864082742774,-0.499273791593023,0.438353119117513,classical_fd,Current,-0.0400954965055802
29,Main,labor_share,0.0347632475575915,0.0329544633394698,-0.0316583036943181,0.102243493337751,classical_fd,Current,0.034664640730769
29,Main,output,-0.0245882315895133,-0.0250070081124922,-0.282352735656068,0.243649519823413,classical_fd,Current,-0.0401325186453853
29,Main,productivity,-0.0303398269399469,-0.030599708874789,-0.197917632540089,0.12990498515251,classical_fd,Current,-0.0566673814964649
29,Main,TFP,0.0397894261146553,0.0352485160881871,-0.115875243059947,0.19812234581834,classical_fd,Current,0.0333338548915791
29,Main,unemployment,0.040991107840679,0.0380982242336898,-0.00725592569386336,0.0897474276188874,classical_fd,Current,0.0532097244562014
3,Main,consumption,-0.291817334494632,-0.290875083810108,-0.371825334736681,-0.215435372691208,classical_fd,Current,-0.312349993341966
3,Main,hours_worked,-0.589392353279064,-0.606353947781218,-0.713358911541064,-0.469993082815884,classical_fd,Current,-0.621529076402353
3,Main,inflation,-0.0344349153644754,-0.0354585438164906,-0.0569449182847849,-0.0116514321122121,classical_fd,Current,-0.0330719076518937
3,Main,interest,-0.112323381334283,-0.112026239615632,-0.147415688037388,-0.0760598311121998,classical_fd,Current,-0.117719813744809
3,Main,investment,-1.46866397602144,-1.6342890140836,-2.48967990147892,-0.343403421870449,classical_fd,Current,-1.40727101771765
3,Main,labor_share,0.0182633530392729,0.0201897983446859,-0.0503463328588138,0.0840583629972694,classical_fd,Current,0.0189174805285823
3,Main,output,-0.49358609315358,-0.515018943088869,-0.702942407669083,-0.275880615117104,classical_fd,Current,-0.501980670909741
3,Main,productivity,0.154588750423116,0.153232930373674,0.000946159924672234,0.310367657545722,classical_fd,Current,0.194771483250018
3,Main,TFP,0.252233252329927,0.254405339517968,0.159464114681387,0.343495296613916,classical_fd,Current,0.275823092458663
3,Main,unemployment,0.375765140914027,0.376100795488037,0.318509360126708,0.435428285451547,classical_fd,Current,0.402383407932251
30,Main,consumption,-0.0196560676863972,-0.022313931462331,-0.224607256585474,0.194103788236553,classical_fd,Current,-0.037758369221243
30,Main,hours_worked,-0.000756511161460621,0.00360706690148541,-0.13883620020152,0.13815828612067,classical_fd,Current,0.00901280752839621
30,Main,inflation,0.00780513142635522,0.00685068869569369,-0.00557261197096915,0.0209650294944761,classical_fd,Current,0.00780262105843385
30,Main,interest,0.0175732748221327,0.0166214598880872,-0.00703812215435452,0.0414003493024826,classical_fd,Current,0.0194419508294893
30,Main,investment,-0.0388820209642109,-0.03315688288407,-0.518064371296097,0.431688189648964,classical_fd,Current,-0.0410103664501487
30,Main,labor_share,0.0289783172937998,0.0263776284556793,-0.03675069896403,0.0940479072530973,classical_fd,Current,0.0292409120296286
30,Main,output,-0.0271156621080141,-0.0265940270992536,-0.28600072514297,0.247877465554546,classical_fd,Current,-0.0410008292117058
30,Main,productivity,-0.0288249162770402,-0.0295608941801131,-0.201406962733887,0.133707981696864,classical_fd,Current,-0.0559498725509806
30,Main,TFP,0.0359191050468442,0.0316248346857856,-0.122328792081357,0.194703533534118,classical_fd,Current,0.0286359052021627
30,Main,unemployment,0.0435070177434431,0.0398305017357437,-0.003591963821119,0.0913013953514777,classical_fd,Current,0.0543163240150684
31,Main,consumption,-0.0204505472261745,-0.0215903948622744,-0.229621570440695,0.20159248907819,classical_fd,Current,-0.0374158309117763
31,Main,hours_worked,-0.00140590514935786,0.00190911063219893,-0.144215786503973,0.144060017381207,classical_fd,Current,0.0104620574353438
31,Main,inflation,0.00692057202759783,0.00610312414688411,-0.0062541897775214,0.0199421572918098,classical_fd,Current,0.00690617507622939
31,Main,interest,0.0160280320413003,0.0151737875154526,-0.00812337135946619,0.0395690474543979,classical_fd,Current,0.0178776912264906
31,Main,investment,-0.0397783440012369,-0.0320274913971419,-0.52490343130787,0.453821403889323,classical_fd,Current,-0.0375809580532443
31,Main,labor_share,0.0235478135776745,0.0218361977559937,-0.0394728517814953,0.086088282988186,classical_fd,Current,0.0243326674203955
31,Main,output,-0.0283142651694937,-0.0284489657443396,-0.290907411050309,0.249463281003436,classical_fd,Current,-0.0406297372224337
31,Main,productivity,-0.0276856378564489,-0.0285285259089002,-0.203315468197778,0.136859781109072,classical_fd,Current,-0.0556473638884559
31,Main,TFP,0.0319122544966482,0.0272117322218508,-0.126928188048918,0.192977706184542,classical_fd,Current,0.0238726509556295
31,Main,unemployment,0.0449540351103657,0.0411786166509601,-0.00016233565446506,0.0926919221336328,classical_fd,Current,0.0543968493483333
32,Main,consumption,-0.0206225552891354,-0.0218141374968706,-0.234982319549211,0.208976548517855,classical_fd,Current,-0.0364946704505697
32,Main,hours_worked,-0.000662795451138257,0.000525150581923345,-0.149049101789206,0.147005090435967,classical_fd,Current,0.0131110688028348
32,Main,inflation,0.00616626112521617,0.00523470767422963,-0.00668687154389559,0.018957091590504,classical_fd,Current,0.00614357403781689
32,Main,interest,0.0146825939232927,0.0136088087142682,-0.00934459206664239,0.0382802180737552,classical_fd,Current,0.0165428116495333
32,Main,investment,-0.0368089038153528,-0.0212582439780758,-0.528260774652253,0.467460100868072,classical_fd,Current,-0.0309694256732738
32,Main,labor_share,0.0186081377272548,0.0162066743074983,-0.0424236106843619,0.0805749266766157,classical_fd,Current,0.0200528586322567
32,Main,output,-0.028420737766087,-0.0308031439911245,-0.294548529552237,0.253710876801494,classical_fd,Current,-0.0392959301637267
32,Main,productivity,-0.0269987772332493,-0.0288622986834375,-0.204366009011475,0.137279910997022,classical_fd,Current,-0.0558164922739129
32,Main,TFP,0.0278354155401288,0.0236091311862732,-0.132314672217351,0.191298037738395,classical_fd,Current,0.019110557494354
32,Main,unemployment,0.0454726547906607,0.0417996675721677,0.000964936052568634,0.0938551278612868,classical_fd,Current,0.0536238162901196
33,Main,consumption,-0.0202820442977198,-0.0220281405303637,-0.238939688199324,0.215429505799122,classical_fd,Current,-0.0351202215072668
33,Main,hours_worked,0.00121364275097192,0.00164191815092181,-0.152657176423755,0.154407601342724,classical_fd,Current,0.0166667366954741
33,Main,inflation,0.00552882822723112,0.00443429633077969,-0.00712431526905821,0.0182652575737804,classical_fd,Current,0.00549689574258409
33,Main,interest,0.0135345137946973,0.0125919937670717,-0.010455527019912,0.0372758249383302,classical_fd,Current,0.0154246569998166
33,Main,investment,-0.030959799736182,-0.0120766354995633,-0.532766153481884,0.486237581830133,classical_fd,Current,-0.0222220644369079
33,Main,labor_share,0.0142518165510143,0.0121913517621574,-0.0469203094355838,0.075538643815925,classical_fd,Current,0.0164673885889658
33,Main,output,-0.0276646154839643,-0.0283759816945043,-0.300720440645852,0.262318454845447,classical_fd,Current,-0.0372574016472104
33,Main,productivity,-0.0268051825728045,-0.0292969466974455,-0.205571316843248,0.139767926223016,classical_fd,Current,-0.0564766754899649
33,Main,TFP,0.0237500722172771,0.0194764622647778,-0.138164279835242,0.187854953387041,classical_fd,Current,0.0144095954838304
33,Main,unemployment,0.0452101310403791,0.0403101111109011,0.000700655026531875,0.0922456691672105,classical_fd,Current,0.0521689579137184
34,Main,consumption,-0.0195366819312412,-0.0193035136470652,-0.242692920632339,0.222930284040322,classical_fd,Current,-0.0334101451432955
34,Main,hours_worked,0.00397219541055671,0.00624293612795509,-0.153793959578632,0.159277892590549,classical_fd,Current,0.0208564503329273
34,Main,inflation,0.00499342616847711,0.00388530384916121,-0.00706544619833752,0.0175067396544157,classical_fd,Current,0.00494766283929093
34,Main,interest,0.0125738418907231,0.0118145840519774,-0.0112915178284152,0.0358638476534183,classical_fd,Current,0.014503981301687
34,Main,investment,-0.0231213712015343,0.00298275491029226,-0.532951083502244,0.504744194040487,classical_fd,Current,-0.0122490644826114
34,Main,labor_share,0.0105323474475586,0.00869778449981107,-0.0496261266058517,0.0711249968422001,classical_fd,Current,0.0136015812282908
34,Main,output,-0.0262603359941191,-0.0265693266687888,-0.308047126248995,0.270376875238404,classical_fd,Current,-0.0347463183460238
34,Main,productivity,-0.0271150690254879,-0.028609879897135,-0.206232239089054,0.141164437709852,classical_fd,Current,-0.0576166805463446
34,Main,TFP,0.019711150316771,0.016369736617176,-0.142798064847571,0.18409330274581,classical_fd,Current,0.00982191509904541
34,Main,unemployment,0.0443133178797577,0.0402952913401981,0.000436398735044446,0.0926972858351702,classical_fd,Current,0.0501962795959952
35,Main,consumption,-0.0184878610402816,-0.0190607986342784,-0.242782105057748,0.226975187211182,classical_fd,Current,-0.0314710137720058
35,Main,hours_worked,0.00737803743148908,0.0082288542652209,-0.156020253540501,0.166869316043615,classical_fd,Current,0.0254353234744936
35,Main,inflation,0.00454465974795844,0.00359496361607345,-0.00711296522378594,0.0167075076227136,classical_fd,Current,0.00447777533833187
35,Main,interest,0.011785124895549,0.0108978467275597,-0.0119332220584463,0.0353953598095111,classical_fd,Current,0.0137572020275121
35,Main,investment,-0.0140717794675522,0.0148923247967819,-0.528395265727697,0.51340105415154,classical_fd,Current,-0.00181433054666581
35,Main,labor_share,0.0074696680346692,0.00512948757557784,-0.0528052855079716,0.0683745797782298,classical_fd,Current,0.0114470884969846
35,Main,output,-0.0244015389596639,-0.0247177558664157,-0.313212155605518,0.278074548118438,classical_fd,Current,-0.0319644904504626
35,Main,productivity,-0.0279135399234809,-0.029531807056799,-0.206541109463922,0.142259044582211,classical_fd,Current,-0.0592012088411273
35,Main,TFP,0.0157660733862517,0.0144443431882345,-0.147094608460335,0.181332517897504,classical_fd,Current,0.00539111963873002
35,Main,unemployment,0.0429229666121255,0.0389837423026209,-6.0760700455128e-05,0.0895095528537521,classical_fd,Current,0.0478568670995757
36,Main,consumption,-0.0172277783314952,-0.0158073812637222,-0.24578659768591,0.231594713228028,classical_fd,Current,-0.0293960852967544
36,Main,hours_worked,0.0112188029131388,0.011900791676781,-0.158243636831142,0.173543065553374,classical_fd,Current,0.0301907538998402
36,Main,inflation,0.004167343853755,0.00340459337342326,-0.00736706246064759,0.0158522278013575,classical_fd,Current,0.00407022793440655
36,Main,interest,0.0111492214684062,0.010154509910192,-0.0125334600684358,0.0350553560095849,classical_fd,Current,0.0131583669127701
36,Main,investment,-0.00446846646070036,0.0134737387583835,-0.529898554596387,0.531577419565314,classical_fd,Current,0.00846629374538836
36,Main,labor_share,0.00505590110022407,0.00272148690393069,-0.0548912246025767,0.0657845391246173,classical_fd,Current,0.00996884317583287
36,Main,output,-0.0222573785822375,-0.019564917664705,-0.318168869476626,0.290596190565428,classical_fd,Current,-0.0290810982530659
36,Main,productivity,-0.0291660522649004,-0.0319631216920081,-0.209175053232829,0.144662089141594,classical_fd,Current,-0.0611772043743002
36,Main,TFP,0.0119543025022662,0.0105455424027137,-0.151134279479736,0.177438792874373,classical_fd,Current,0.00115204609162507
36,Main,unemployment,0.0411694168178762,0.0378913298932169,-0.00165204571808787,0.0880824635864297,classical_fd,Current,0.0452853090888853
37,Main,consumption,-0.0158374835883156,-0.0137465349663137,-0.25085015797084,0.237387109170554,classical_fd,Current,-0.0272641166094008
37,Main,hours_worked,0.0153085271272657,0.0137685461252989,-0.156877621313772,0.180121278236476,classical_fd,Current,0.034944669199795
37,Main,inflation,0.00384709533340545,0.00301962657335712,-0.00770529538626606,0.0156810693591049,classical_fd,Current,0.00370962600713743
37,Main,interest,0.0106448971146977,0.00978485616427115,-0.0131138038520151,0.0344638380849274,classical_fd,Current,0.012680808719793
37,Main,investment,0.00515375508478572,0.0205690311619168,-0.529140620381586,0.555409807023753,classical_fd,Current,0.0181200731208154
37,Main,labor_share,0.00326108566018283,0.00188738443096169,-0.0573126529275086,0.0657633258460148,classical_fd,Current,0.009111746431141
37,Main,output,-0.0199705901780849,-0.0169917979082602,-0.320494595973059,0.29545481436906,classical_fd,Current,-0.0262323024407192
37,Main,productivity,-0.0308236121576312,-0.035207624327021,-0.212305265623535,0.144439910175046,classical_fd,Current,-0.0634796648816132
37,Main,TFP,0.00830728213209868,0.00905082238872516,-0.154358270284537,0.175252782673279,classical_fd,Current,-0.00286904241702788
37,Main,unemployment,0.0391695740907739,0.0365137549087595,-0.00445801833942428,0.0842499682262313,classical_fd,Current,0.0425975543881598
38,Main,consumption,-0.0143857820520062,-0.0112595160503624,-0.254007167259759,0.244835574430561,classical_fd,Current,-0.0251390516770752
38,Main,hours_worked,0.0194897285030033,0.0159796145667607,-0.153510315569434,0.189104535440269,classical_fd,Current,0.0395538416871175
38,Main,inflation,0.00357076863363445,0.00289826329559334,-0.00794082331185948,0.0154236227151685,classical_fd,Current,0.00338252016103774
38,Main,interest,0.0102501778925599,0.00973019868883843,-0.0135752349996523,0.0344511788049809,classical_fd,Current,0.012298481862839
38,Main,investment,0.0143792387322532,0.0277093031324325,-0.525389041962512,0.578186763430381,classical_fd,Current,0.0268073160771101
38,Main,labor_share,0.00203866385872597,-0.000559428715026497,-0.0610369244811735,0.0644867207557761,classical_fd,Current,0.00880685560291784
38,Main,output,-0.0176570344326434,-0.0127886246297985,-0.319432380726647,0.302084036681809,classical_fd,Current,-0.0235223619028062
38,Main,productivity,-0.0328275405103605,-0.0362996066531517,-0.217444861952325,0.141215854396922,classical_fd,Current,-0.0660368035787871
38,Main,TFP,0.0048487139959081,0.00701775143437028,-0.159078451673333,0.169640674086,classical_fd,Current,-0.00665394531226928
38,Main,unemployment,0.0370250377129559,0.0345115870820667,-0.00656800793364482,0.0807744791261792,classical_fd,Current,0.0398899995077912
39,Main,consumption,-0.0129288620506761,-0.0100117900386539,-0.259278338939908,0.250403453529597,classical_fd,Current,-0.0230704156231294
39,Main,hours_worked,0.0236339194939507,0.0229488987994176,-0.15302936127369,0.198544682048947,classical_fd,Current,0.043908659005205
39,Main,inflation,0.00332674940208994,0.00252709323505504,-0.0082560765112396,0.0149590258034163,classical_fd,Current,0.00307758298345955
39,Main,interest,0.00994345620090943,0.00953626205437789,-0.013826550133893,0.0344975353702951,classical_fd,Current,0.0119869897265902
39,Main,investment,0.0229038886153083,0.0403015148237249,-0.523900203246427,0.606102612689427,classical_fd,Current,0.0343076983930672
39,Main,labor_share,0.00133054956605689,-0.000148776557443541,-0.0628586526191569,0.0640283037373533,classical_fd,Current,0.00897690833058635
39,Main,output,-0.0154064395586627,-0.00863852491692468,-0.323558238474926,0.311104212317722,classical_fd,Current,-0.021025896127895
39,Main,productivity,-0.0351136990224593,-0.0388731760013622,-0.220881261706208,0.140867489292448,classical_fd,Current,-0.0687744694252429
39,Main,TFP,0.00159508352800875,0.00251799559989739,-0.16276676025503,0.170822935312745,classical_fd,Current,-0.0101917817629315
39,Main,unemployment,0.0348212228974338,0.0323399022444197,-0.00867915874667716,0.0782826566283934,classical_fd,Current,0.0372395911959546
4,Main,consumption,-0.244438116010917,-0.247546844505379,-0.339888147574569,-0.150759011579492,classical_fd,Current,-0.260189903724399
4,Main,hours_worked,-0.466538045876774,-0.490999950508601,-0.64069867947692,-0.285833072838959,classical_fd,Current,-0.482316617393948
4,Main,inflation,-0.0251558374950484,-0.0270915564216321,-0.0526823252022733,0.00532081635909963,classical_fd,Current,-0.0205318912330973
4,Main,interest,-0.10306036993948,-0.104035313905378,-0.13914793639672,-0.0669719634615503,classical_fd,Current,-0.105713486095974
4,Main,investment,-0.930106010069698,-1.05738495276968,-2.05087153504166,0.226080959276512,classical_fd,Current,-0.828929911185796
4,Main,labor_share,-0.0693008973431423,-0.0681520673825044,-0.132136778019789,-0.00801096441727068,classical_fd,Current,-0.0727720209993608
4,Main,output,-0.366229468598484,-0.38521786817082,-0.610681977257267,-0.109744364407531,classical_fd,Current,-0.365075474985557
4,Main,productivity,0.214707197468505,0.219313591975454,0.0844867884451243,0.340218644955959,classical_fd,Current,0.249427316317621
4,Main,TFP,0.229009490781007,0.231979954773351,0.136281387044546,0.321980559549072,classical_fd,Current,0.252672762146991
4,Main,unemployment,0.313365573189853,0.324226655406908,0.233321133753126,0.391024008560396,classical_fd,Current,0.331419961113347
40,Main,consumption,-0.011510516610069,-0.0107393342296861,-0.263593225530098,0.257994886622168,classical_fd,Current,-0.0210942505682212
40,Main,hours_worked,0.027640840419082,0.0296765780029856,-0.153370746644126,0.207868126557252,classical_fd,Current,0.0479307233142556
40,Main,inflation,0.00310512303157947,0.00262876358934403,-0.0086334513181918,0.0145123507780119,classical_fd,Current,0.00278565364973135
40,Main,interest,0.00970435321764926,0.00936965811747261,-0.0140514975291175,0.0345354962704924,classical_fd,Current,0.0117243229757524
40,Main,investment,0.0305245326368065,0.0474913958100002,-0.524556176316497,0.619643200906524,classical_fd,Current,0.0405043176802211
40,Main,labor_share,0.00107165618470915,-0.000203892466640594,-0.0641004233315561,0.0647247966649766,classical_fd,Current,0.00954108194685237
40,Main,output,-0.013284069702652,-0.00829577198579146,-0.327621509162547,0.321650078256147,classical_fd,Current,-0.0187909554417618
40,Main,productivity,-0.0376161105331841,-0.0415516117058206,-0.223461643173138,0.13811779655714,classical_fd,Current,-0.0716197854142979
40,Main,TFP,-0.00144363148297563,-0.000135696132399209,-0.166976647231833,0.16755037186873,classical_fd,Current,-0.0134780955281812
40,Main,unemployment,0.0326273134856223,0.0306701199161333,-0.010711711439711,0.0755518740451932,classical_fd,Current,0.0347047295717728
5,Main,consumption,-0.187721790537342,-0.194815578886762,-0.306071063565824,-0.068356179280263,classical_fd,Current,-0.196300085371326
5,Main,hours_worked,-0.341724452632526,-0.367084293099864,-0.550905133852444,-0.123187570813659,classical_fd,Current,-0.344033400990501
5,Main,inflation,-0.0198709208079119,-0.0220582319036385,-0.0490959626773194,0.0113149831576604,classical_fd,Current,-0.014064191129471
5,Main,interest,-0.0925514374008501,-0.0950072975825474,-0.128313502102018,-0.0564063902958235,classical_fd,Current,-0.0932556610322994
5,Main,investment,-0.451227566796674,-0.514680723468386,-1.57457840490597,0.690704292219678,classical_fd,Current,-0.335018316102075
5,Main,labor_share,-0.129280933907238,-0.130353435148418,-0.198288356816733,-0.0609591221493888,classical_fd,Current,-0.13217202169589
5,Main,output,-0.244693116899105,-0.259290862544014,-0.515894748725963,0.0254939842145253,classical_fd,Current,-0.237449362330924
5,Main,productivity,0.240375975995689,0.246406305354135,0.127471515606681,0.351772557048345,classical_fd,Current,0.266967307743628
5,Main,TFP,0.192935896805047,0.194753930445816,0.101550002883774,0.286564667327088,classical_fd,Current,0.215104510939564
5,Main,unemployment,0.243809900076754,0.253379699772827,0.138730112456796,0.344579035127667,classical_fd,Current,0.254461296853925
6,Main,consumption,-0.137841418650894,-0.144628889940676,-0.277767450445525,0.00399715702283507,classical_fd,Current,-0.142432908352606
6,Main,hours_worked,-0.225720460612719,-0.247403492566519,-0.461792993511492,0.0119973449707651,classical_fd,Current,-0.218451300054034
6,Main,inflation,-0.0133918204334292,-0.0157927003103338,-0.0445085087285025,0.0197133981918155,classical_fd,Current,-0.0066531142175156
6,Main,interest,-0.0796041832126193,-0.0823910785462613,-0.118054804795712,-0.0402918069644966,classical_fd,Current,-0.078257794363816
6,Main,investment,-0.0516653110185492,-0.078067739874459,-1.13318493852862,1.05354974047523,classical_fd,Current,0.0713588830689345
6,Main,labor_share,-0.164139198567816,-0.168368022101143,-0.240414930968867,-0.0854335720637034,classical_fd,Current,-0.166510937464974
6,Main,output,-0.13965699429571,-0.149700771081304,-0.420896591523847,0.144473665856117,classical_fd,Current,-0.12847810832671
6,Main,productivity,0.250798476450263,0.252578024369729,0.138942641161526,0.363466020369214,classical_fd,Current,0.271227429840797
6,Main,TFP,0.1646991590582,0.165485767440006,0.0679626346346325,0.258661829873558,classical_fd,Current,0.187017847453914
6,Main,unemployment,0.179402146586193,0.18710333062798,0.0564448792128129,0.294390163227084,classical_fd,Current,0.185016400243424
7,Main,consumption,-0.0909318279682408,-0.0977406998028578,-0.241051935160539,0.0675601027340574,classical_fd,Current,-0.0933387112740189
7,Main,hours_worked,-0.122656709832576,-0.137974702540069,-0.358494428280704,0.120695657352424,classical_fd,Current,-0.108928209637228
7,Main,inflation,-0.00622198079709964,-0.00831694421477938,-0.0375194149345762,0.0254563748910871,classical_fd,Current,0.00105207806419025
7,Main,interest,-0.0654762673056079,-0.0686176257850491,-0.105978788836811,-0.0241068085036472,classical_fd,Current,-0.0622253301646281
7,Main,investment,0.277595289731533,0.281140736204357,-0.760054893260592,1.29336044499109,classical_fd,Current,0.401064533287925
7,Main,labor_share,-0.17991733444016,-0.185075010848991,-0.264133689406433,-0.0941795061335139,classical_fd,Current,-0.181824620945361
7,Main,output,-0.0489050266585827,-0.053435623679248,-0.332966579269203,0.237681821825853,classical_fd,Current,-0.0356107767047497
7,Main,productivity,0.246568182993393,0.246959236982127,0.131282766945155,0.360984873327063,classical_fd,Current,0.260944624404653
7,Main,TFP,0.139477584451352,0.140911481835773,0.0399678476095179,0.242262619816587,classical_fd,Current,0.160911662604871
7,Main,unemployment,0.119671172000223,0.1262396654434,-0.0107199036168544,0.24718413979776,classical_fd,Current,0.121891507923032
8,Main,consumption,-0.0504228236163326,-0.0570763301764834,-0.209728477967488,0.112676909072057,classical_fd,Current,-0.052472463772977
8,Main,hours_worked,-0.0343427421408637,-0.0448096241937988,-0.273251333383661,0.202765487202584,classical_fd,Current,-0.0168652060097757
8,Main,inflation,0.000548316821567536,-0.000588714159807642,-0.0292177920268539,0.0304140225503683,classical_fd,Current,0.00788832168204819
8,Main,interest,-0.0510576570947729,-0.0540032800513353,-0.0925668196455456,-0.00839403623142508,classical_fd,Current,-0.0460852863623753
8,Main,investment,0.532990698078517,0.533982932371178,-0.438508132172043,1.47387878216598,classical_fd,Current,0.650837945280926
8,Main,labor_share,-0.179108461108186,-0.185360040257351,-0.269006873511939,-0.0813804438531201,classical_fd,Current,-0.180063062583819
8,Main,output,0.0249252055039538,0.0269229042210781,-0.251253680731461,0.313092745105751,classical_fd,Current,0.0384585630937551
8,Main,productivity,0.231757334477504,0.23156089260342,0.111707697483221,0.350063432097296,classical_fd,Current,0.240615854364835
8,Main,TFP,0.118619067673398,0.117640512682039,0.0151959825151847,0.227185910091879,classical_fd,Current,0.138986007920862
8,Main,unemployment,0.0675789145135761,0.0724583700372604,-0.0636268243177451,0.196551938468555,classical_fd,Current,0.0680691230629541
9,Main,consumption,-0.0160646208862674,-0.0196925138239231,-0.180676222958487,0.155512577829099,classical_fd,Current,-0.0188813046260003
9,Main,hours_worked,0.0385940732691763,0.0355219046396759,-0.195794788830016,0.272332172872329,classical_fd,Current,0.0577046206712928
9,Main,inflation,0.00693504833532372,0.00687189712527326,-0.0216767897159679,0.0345866514809333,classical_fd,Current,0.0141802233385149
9,Main,interest,-0.0368758954637985,-0.0392054159295216,-0.0790040118301023,0.00683256164366861,classical_fd,Current,-0.0304249391930642
9,Main,investment,0.721446484274193,0.763478197961175,-0.162899248257186,1.60665827914073,classical_fd,Current,0.829641700655536
9,Main,labor_share,-0.167302238110158,-0.174454619099135,-0.268626523911541,-0.0607307302290245,classical_fd,Current,-0.167336149842148
9,Main,output,0.0832125785807994,0.0843853127881179,-0.18106440228434,0.367729307497011,classical_fd,Current,0.0957209811200928
9,Main,productivity,0.20979196580039,0.208033501636089,0.0849863258717199,0.333868998208057,classical_fd,Current,0.213653750788209
9,Main,TFP,0.101627325601661,0.0998568689296351,-0.00568124652165154,0.21147733579476,classical_fd,Current,0.120625493928967
9,Main,unemployment,0.0234397137051779,0.0267289699139717,-0.104211200364359,0.149052135989636,classical_fd,Current,0.0233901748885254
