h,value,variable,shock,model,median,pctl_84,pctl_16
0,-0.475326182787198,output,Main,Replication,,,
0,-1.56734409816994,investment,Main,Replication,,,
0,-0.223058502701776,consumption,Main,Replication,,,
0,-0.356899510874247,hours_worked,Main,Replication,,,
0,0.198053515971368,unemployment,Main,Replication,,,
0,0.161149282915555,labor_share,Main,Replication,,,
0,-0.0576635701195452,interest,Main,Replication,,,
0,-0.0038682197508147,inflation,Main,Replication,,,
0,-0.217186581246814,productivity,Main,Replication,,,
0,0.11469891928708,TFP,Main,Replication,,,
1,-0.651624528130495,output,Main,Replication,,,
1,-2.31144032763835,investment,Main,Replication,,,
1,-0.30715748930474,consumption,Main,Replication,,,
1,-0.529992723754369,hours_worked,Main,Replication,,,
1,0.329397872704636,unemployment,Main,Replication,,,
1,0.124552199896732,labor_share,Main,Replication,,,
1,-0.107319547339204,interest,Main,Replication,,,
1,-0.0174526304144563,inflation,Main,Replication,,,
1,-0.152267542058182,productivity,Main,Replication,,,
1,0.207153420081211,TFP,Main,Replication,,,
2,-0.66641714652827,output,Main,Replication,,,
2,-2.33285466689726,investment,Main,Replication,,,
2,-0.330110782368626,consumption,Main,Replication,,,
2,-0.579037911181419,hours_worked,Main,Replication,,,
2,0.382716051128098,unemployment,Main,Replication,,,
2,0.0492600403329516,labor_share,Main,Replication,,,
2,-0.124256024623073,interest,Main,Replication,,,
2,-0.0307539358622478,inflation,Main,Replication,,,
2,-0.0274958980989898,productivity,Main,Replication,,,
2,0.234329037352722,TFP,Main,Replication,,,
3,-0.586664144207072,output,Main,Replication,,,
3,-1.94838972841308,investment,Main,Replication,,,
3,-0.319952847074603,consumption,Main,Replication,,,
3,-0.531262939800941,hours_worked,Main,Replication,,,
3,0.376744957429287,unemployment,Main,Replication,,,
3,-0.0401124477671642,labor_share,Main,Replication,,,
3,-0.122084919995433,interest,Main,Replication,,,
3,-0.0337427941274917,inflation,Main,Replication,,,
3,0.0830315066014341,productivity,Main,Replication,,,
3,0.212469892325367,TFP,Main,Replication,,,
4,-0.46359964070815,output,Main,Replication,,,
4,-1.39428057255674,investment,Main,Replication,,,
4,-0.288268057626642,consumption,Main,Replication,,,
4,-0.430634832137244,hours_worked,Main,Replication,,,
4,0.333683439962541,unemployment,Main,Replication,,,
4,-0.118920675209332,labor_share,Main,Replication,,,
4,-0.109586236562373,interest,Main,Replication,,,
4,-0.0325839413991672,inflation,Main,Replication,,,
4,0.161934647885756,productivity,Main,Replication,,,
4,0.162261663860474,TFP,Main,Replication,,,
5,-0.33038731087797,output,Main,Replication,,,
5,-0.817867018525849,investment,Main,Replication,,,
5,-0.245279370967166,consumption,Main,Replication,,,
5,-0.309753398374979,hours_worked,Main,Replication,,,
5,0.271803506121603,unemployment,Main,Replication,,,
5,-0.176020737972304,labor_share,Main,Replication,,,
5,-0.0914036418367645,interest,Main,Replication,,,
5,-0.026871681134579,inflation,Main,Replication,,,
5,0.206316671378566,productivity,Main,Replication,,,
5,0.105451260315221,TFP,Main,Replication,,,
6,-0.208040591309494,output,Main,Replication,,,
6,-0.305568203795776,investment,Main,Replication,,,
6,-0.19921841810908,consumption,Main,Replication,,,
6,-0.190915708660001,hours_worked,Main,Replication,,,
6,0.204887828185177,unemployment,Main,Replication,,,
6,-0.208266918739446,labor_share,Main,Replication,,,
6,-0.0712538805956525,interest,Main,Replication,,,
6,-0.0188843758914276,inflation,Main,Replication,,,
6,0.219412145000369,productivity,Main,Replication,,,
6,0.0530716751373843,TFP,Main,Replication,,,
7,-0.107636445963304,output,Main,Replication,,,
7,0.0998518356977866,investment,Main,Replication,,,
7,-0.155884285664528,consumption,Main,Replication,,,
7,-0.0869732424167124,hours_worked,Main,Replication,,,
7,0.141892971590684,unemployment,Main,Replication,,,
7,-0.218150794736588,labor_share,Main,Replication,,,
7,-0.0515430999602327,interest,Main,Replication,,,
7,-0.00992744674579417,inflation,Main,Replication,,,
7,0.208011059035914,productivity,Main,Replication,,,
7,0.0112851814654474,TFP,Main,Replication,,,
8,-0.0331607545202981,output,Main,Replication,,,
8,0.386843113688869,investment,Main,Replication,,,
8,-0.118820128138493,consumption,Main,Replication,,,
8,-0.00397594299087819,hours_worked,Main,Replication,,,
8,0.0879815158264194,unemployment,Main,Replication,,,
8,-0.210229552963244,labor_share,Main,Replication,,,
8,-0.0337362210363416,interest,Main,Replication,,,
8,-0.00127793111736644,inflation,Main,Replication,,,
8,0.179606544259037,productivity,Main,Replication,,,
8,-0.0181774008786705,TFP,Main,Replication,,,
9,0.016074182414879,output,Main,Replication,,,
9,0.563012350850954,investment,Main,Replication,,,
9,-0.089697241193196,consumption,Main,Replication,,,
9,0.056859904931035,hours_worked,Main,Replication,,,
9,0.0453460819695358,unemployment,Main,Replication,,,
9,-0.190016009660943,labor_share,Main,Replication,,,
9,-0.0185601894142276,interest,Main,Replication,,,
9,0.00632142666682203,inflation,Main,Replication,,,
9,0.141248040107642,productivity,Main,Replication,,,
9,-0.0360809279693214,TFP,Main,Replication,,,
10,0.0433981160236043,output,Main,Replication,,,
10,0.646212835197461,investment,Main,Replication,,,
10,-0.0687998604673347,consumption,Main,Replication,,,
10,0.0972581512774429,hours_worked,Main,Replication,,,
10,0.0141605569246862,unemployment,Main,Replication,,,
10,-0.162577017829228,labor_share,Main,Replication,,,
10,-0.00623403416059596,interest,Main,Replication,,,
10,0.0124371702908841,inflation,Main,Replication,,,
10,0.0986967601684296,productivity,Main,Replication,,,
10,-0.044604975838744,TFP,Main,Replication,,,
11,0.053320637883943,output,Main,Replication,,,
11,0.658128645372601,investment,Main,Replication,,,
11,-0.0555042841130278,consumption,Main,Replication,,,
11,0.120496363653987,hours_worked,Main,Replication,,,
11,-0.00665565354499192,unemployment,Main,Replication,,,
11,-0.132162208807313,labor_share,Main,Replication,,,
11,0.00335457618618714,interest,Main,Replication,,,
11,0.0169511794880581,inflation,Main,Replication,,,
11,0.056239896239455,productivity,Main,Replication,,,
11,-0.0464035203075496,TFP,Main,Replication,,,
12,0.0505145346581885,output,Main,Replication,,,
12,0.620105476669448,investment,Main,Replication,,,
12,-0.0486793034163072,consumption,Main,Replication,,,
12,0.130385897178893,hours_worked,Main,Replication,,,
12,-0.0188180752223575,unemployment,Main,Replication,,,
12,-0.101927477744665,labor_share,Main,Replication,,,
12,0.0105038622621143,interest,Main,Replication,,,
12,0.0199345759503448,inflation,Main,Replication,,,
12,0.016715046071586,productivity,Main,Replication,,,
12,-0.044058195931308,TFP,Main,Replication,,,
13,0.0392166932307266,output,Main,Replication,,,
13,0.55080006230941,investment,Main,Replication,,,
13,-0.0469940133815912,consumption,Main,Replication,,,
13,0.130628109179284,hours_worked,Main,Replication,,,
13,-0.0242434714140758,unemployment,Main,Replication,,,
13,-0.0739990734362926,labor_share,Main,Replication,,,
13,0.015595525951685,interest,Main,Replication,,,
13,0.0215839095272141,inflation,Main,Replication,,,
13,-0.0182615449722253,productivity,Main,Replication,,,
13,-0.0397468524126561,TFP,Main,Replication,,,
14,0.0229257597948622,output,Main,Replication,,,
14,0.465137177445797,investment,Main,Replication,,,
14,-0.0491272770083934,consumption,Main,Replication,,,
14,0.124448783977182,hours_worked,Main,Replication,,,
14,-0.0247663202013299,unemployment,Main,Replication,,,
14,-0.0496027882379805,labor_share,Main,Replication,,,
14,0.0190244426451776,interest,Main,Replication,,,
14,0.0221482616145633,inflation,Main,Replication,,,
14,-0.0480207975652195,productivity,Main,Replication,,,
14,-0.0351163059106394,TFP,Main,Replication,,,
15,0.00431673526751406,output,Main,Replication,,,
15,0.374156572285265,investment,Main,Replication,,,
15,-0.0538945355744262,consumption,Main,Replication,,,
15,0.114444701678868,hours_worked,Main,Replication,,,
15,-0.021982250946043,unemployment,Main,Replication,,,
15,-0.0292680192696435,labor_share,Main,Replication,,,
15,0.0211569241677546,interest,Main,Replication,,,
15,0.0218862299130342,inflation,Main,Replication,,,
15,-0.0725561920621827,productivity,Main,Replication,,,
15,-0.031272179569639,TFP,Main,Replication,,,
16,-0.0147130313695497,output,Main,Replication,,,
16,0.285381895184883,investment,Main,Replication,,,
16,-0.0603091126925987,consumption,Main,Replication,,,
16,0.102567286035896,hours_worked,Main,Replication,,,
16,-0.0171819381034219,unemployment,Main,Replication,,,
16,-0.013024111413481,labor_share,Main,Replication,,,
16,0.0223092072835552,interest,Main,Replication,,,
16,0.0210348120228913,inflation,Main,Replication,,,
16,-0.0922778305645634,productivity,Main,Replication,,,
16,-0.0288457420812814,TFP,Main,Replication,,,
17,-0.0329260480031055,output,Main,Replication,,,
17,0.20344630303804,investment,Main,Replication,,,
17,-0.0675977950423748,consumption,Main,Replication,,,
17,0.0901881823683009,hours_worked,Main,Replication,,,
17,-0.011346472538768,unemployment,Main,Replication,,,
17,-0.00057926435278483,labor_share,Main,Replication,,,
17,0.0227404378179658,interest,Main,Replication,,,
17,0.0197946539223016,inflation,Main,Replication,,,
17,-0.107815574324843,productivity,Main,Replication,,,
17,-0.028093141978246,TFP,Main,Replication,,,
18,-0.0496008856644911,output,Main,Replication,,,
18,0.130787111682756,investment,Main,Replication,,,
18,-0.0751874027300755,consumption,Main,Replication,,,
18,0.0782028777504505,hours_worked,Main,Replication,,,
18,-0.00517839605078686,unemployment,Main,Replication,,,
18,0.00853759825198029,labor_share,Main,Replication,,,
18,0.0226545173574686,interest,Main,Replication,,,
18,0.0183244720753451,inflation,Main,Replication,,,
18,-0.11987675160626,productivity,Main,Replication,,,
18,-0.0290024904100879,TFP,Main,Replication,,,
19,-0.0643906072484696,output,Main,Replication,,,
19,0.0682960271947644,investment,Main,Replication,,,
19,-0.0826759960185453,consumption,Main,Replication,,,
19,0.0671436256557206,hours_worked,Main,Replication,,,
19,0.000850157307918212,unemployment,Main,Replication,,,
19,0.0148710748671618,labor_share,Main,Replication,,,
19,0.022206851523537,interest,Main,Replication,,,
19,0.0167426973917394,inflation,Main,Replication,,,
19,-0.129152061661735,productivity,Main,Replication,,,
19,-0.0313911719154804,TFP,Main,Replication,,,
20,-0.0771998035816202,output,Main,Replication,,,
20,0.0158650820312999,investment,Main,Replication,,,
20,-0.0897984206048929,consumption,Main,Replication,,,
20,0.0572837527752605,hours_worked,Main,Replication,,,
20,0.00644526799899538,unemployment,Main,Replication,,,
20,0.018968005767011,labor_share,Main,Replication,,,
20,0.0215130362494822,interest,Main,Replication,,,
20,0.0151326887591775,inflation,Main,Replication,,,
20,-0.136261172970129,productivity,Main,Replication,,,
20,-0.0349855555472076,TFP,Main,Replication,,,
21,-0.0880869846891512,output,Main,Replication,,,
21,-0.0271922554010879,investment,Main,Replication,,,
21,-0.0963925592186467,consumption,Main,Replication,,,
21,0.0487245069298639,hours_worked,Main,Replication,,,
21,0.0114427959462888,unemployment,Main,Replication,,,
21,0.0213339487399674,labor_share,Main,Replication,,,
21,0.0206576419402969,interest,Main,Replication,,,
21,0.013549644931087,inflation,Main,Replication,,,
21,-0.141727649033014,productivity,Main,Replication,,,
21,-0.0394802997527182,TFP,Main,Replication,,,
22,-0.0971930935970738,output,Main,Replication,,,
22,-0.0618409896841674,investment,Main,Replication,,,
22,-0.102369841736334,consumption,Main,Replication,,,
22,0.0414615810082527,hours_worked,Main,Replication,,,
22,0.0157677418535301,unemployment,Main,Replication,,,
22,0.0224108902057675,labor_share,Main,Replication,,,
22,0.0197020277949961,interest,Main,Replication,,,
22,0.0120275846234958,inflation,Main,Replication,,,
22,-0.145973878199103,productivity,Main,Replication,,,
22,-0.0445784304906417,TFP,Main,Replication,,,
23,-0.104693245681869,output,Main,Replication,,,
23,-0.0891281381667528,investment,Main,Replication,,,
23,-0.107691535993712,consumption,Main,Replication,,,
23,0.0354323299584308,hours_worked,Main,Replication,,,
23,0.0194026936498274,unemployment,Main,Replication,,,
23,0.0225695953504682,labor_share,Main,Replication,,,
23,0.018690726094092,interest,Main,Replication,,,
23,0.0105855876806732,inflation,Main,Replication,,,
23,-0.14932810109208,productivity,Main,Replication,,,
23,-0.0500151826513829,TFP,Main,Replication,,,
24,-0.110767162446632,output,Main,Replication,,,
24,-0.11006717161547,investment,Main,Replication,,,
24,-0.112350969228126,consumption,Main,Replication,,,
24,0.0305466941033174,hours_worked,Main,Replication,,,
24,0.0223649672387371,unemployment,Main,Replication,,,
24,0.0221112445786721,labor_share,Main,Replication,,,
24,0.0176563157969765,interest,Main,Replication,,,
24,0.00923285585251751,inflation,Main,Replication,,,
24,-0.152037598287742,productivity,Main,Replication,,,
24,-0.0555694104341796,TFP,Main,Replication,,,
25,-0.115583389388451,output,Main,Replication,,,
25,-0.125580462417856,investment,Main,Replication,,,
25,-0.116361036520669,consumption,Main,Replication,,,
25,0.0267056021961749,hours_worked,Main,Replication,,,
25,0.0246911329157705,unemployment,Main,Replication,,,
25,0.0212741672188923,labor_share,Main,Replication,,,
25,0.0166229345747578,interest,Main,Replication,,,
25,0.00797251669571194,inflation,Main,Replication,,,
25,-0.154283894877736,productivity,Main,Replication,,,
25,-0.0610662909810026,TFP,Main,Replication,,,
26,-0.119292819993277,output,Main,Replication,,,
26,-0.136479718951599,investment,Main,Replication,,,
26,-0.119745980602355,consumption,Main,Replication,,,
26,0.0238105490493808,hours_worked,Main,Replication,,,
26,0.0264272791881281,unemployment,Main,Replication,,,
26,0.0202427556049503,labor_share,Main,Replication,,,
26,0.015608682654374,interest,Main,Replication,,,
26,0.00680426977008226,inflation,Main,Replication,,,
26,-0.156197410989392,productivity,Main,Replication,,,
26,-0.0663745601785626,TFP,Main,Replication,,,
27,-0.122027862203264,output,Main,Replication,,,
27,-0.143468566045717,investment,Main,Replication,,,
27,-0.122536348847917,consumption,Main,Replication,,,
27,0.0217675191957229,hours_worked,Main,Replication,,,
27,0.0276233844248996,unemployment,Main,Replication,,,
27,0.0191566758690518,labor_share,Main,Replication,,,
27,0.0146271978690291,interest,Main,Replication,,,
27,0.00572608248211675,inflation,Main,Replication,,,
27,-0.157870183849774,productivity,Main,Replication,,,
27,-0.0714008185038581,TFP,Main,Replication,,,
28,-0.123904519119546,output,Main,Replication,,,
28,-0.147155826878793,investment,Main,Replication,,,
28,-0.12476612940255,consumption,Main,Replication,,,
28,0.0204877140340552,hours_worked,Main,Replication,,,
28,0.0283303910654773,unemployment,Main,Replication,,,
28,0.0181193208280206,labor_share,Main,Replication,,,
28,0.0136886577937212,interest,Main,Replication,,,
28,0.00473516916731539,inflation,Main,Replication,,,
28,-0.159366139482598,productivity,Main,Replication,,,
28,-0.0760827301659333,TFP,Main,Replication,,,
29,-0.125025533264895,output,Main,Replication,,,
29,-0.148071998029745,investment,Main,Replication,,,
29,-0.126471252119663,consumption,Main,Replication,,,
29,0.0198868165382852,hours_worked,Main,Replication,,,
29,0.0285988852496624,unemployment,Main,Replication,,,
29,0.0172050303623617,labor_share,Main,Replication,,,
29,0.0128004179895514,interest,Main,Replication,,,
29,0.00382847610959211,inflation,Main,Replication,,,
29,-0.160728930793641,productivity,Main,Replication,,,
29,-0.0803822979060565,TFP,Main,Replication,,,
30,-0.125483476090369,output,Main,Replication,,,
30,-0.146684575955327,investment,Main,Replication,,,
30,-0.12768884878567,consumption,Main,Replication,,,
30,0.0198838931819892,hours_worked,Main,Replication,,,
30,0.0284786006068068,unemployment,Main,Replication,,,
30,0.0164649839896846,labor_share,Main,Replication,,,
30,0.0119674412996192,interest,Main,Replication,,,
30,0.00300285843486584,inflation,Main,Replication,,,
30,-0.161987655992724,productivity,Main,Replication,,,
30,-0.0842798829201255,TFP,Main,Replication,,,
31,-0.125363217803004,output,Main,Replication,,,
31,-0.143410209356634,investment,Main,Replication,,,
31,-0.128456862822471,consumption,Main,Replication,,,
31,0.0204005337682547,hours_worked,Main,Replication,,,
31,0.0280182427355565,unemployment,Main,Replication,,,
31,0.015931883418532,labor_share,Main,Replication,,,
31,0.0111926225745525,interest,Main,Replication,,,
31,0.0022550907696787,inflation,Main,Replication,,,
31,-0.163160892591194,productivity,Main,Replication,,,
31,-0.0877692628620241,TFP,Main,Replication,,,
32,-0.124743592653708,output,Main,Replication,,,
32,-0.138623185731363,investment,Main,Replication,,,
32,-0.128813761005687,consumption,Main,Replication,,,
32,0.0213604736499887,hours_worked,Main,Replication,,,
32,0.0272653505168716,unemployment,Main,Replication,,,
32,0.0156236392911191,labor_share,Main,Replication,,,
32,0.0104770713723267,interest,Main,Replication,,,
32,0.00158180983394423,inflation,Main,Replication,,,
32,-0.164259490536068,productivity,Main,Replication,,,
32,-0.0908537709225512,TFP,Main,Replication,,,
33,-0.123698306833878,output,Main,Replication,,,
33,-0.132660652122717,investment,Main,Replication,,,
33,-0.128798221733575,consumption,Main,Replication,,,
33,0.0226897151143376,hours_worked,Main,Replication,,,
33,0.0262660678092336,unemployment,Main,Replication,,,
33,0.0155462952364596,labor_share,Main,Replication,,,
33,0.009820383985592,interest,Main,Replication,,,
33,0.000979449862287027,inflation,Main,Replication,,,
33,-0.165288512236827,productivity,Main,Replication,,,
33,-0.0935434124113536,TFP,Main,Replication,,,
34,-0.122296254178093,output,Main,Replication,,,
34,-0.125825384107157,investment,Main,Replication,,,
34,-0.128448757325774,consumption,Main,Replication,,,
34,0.0243170400700469,hours_worked,Main,Replication,,,
34,0.025064800437343,unemployment,Main,Replication,,,
34,0.0156963975631412,labor_share,Main,Replication,,,
34,0.00922091516804028,interest,Main,Replication,,,
34,0.000444202761446867,inflation,Main,Replication,,,
34,-0.166248623803945,productivity,Main,Replication,,,
34,-0.095852786212281,TFP,Main,Replication,,,
35,-0.120601443187091,output,Main,Replication,,,
35,-0.118387009373444,investment,Main,Replication,,,
35,-0.127803277665561,consumption,Main,Replication,,,
35,0.0261747565540794,hours_worked,Main,Replication,,,
35,0.0237037895985839,unemployment,Main,Replication,,,
35,0.0160629742048208,labor_share,Main,Replication,,,
35,0.00867604756476738,interest,Main,Replication,,,
35,-2.79854423860622e-05,inflation,Main,Replication,,,
35,-0.167137154574101,productivity,Main,Replication,,,
35,-0.0977996219676401,TFP,Main,Replication,,,
36,-0.118672727487862,output,Main,Replication,,,
36,-0.110582493818737,investment,Main,Replication,,,
36,-0.126898626989143,consumption,Main,Replication,,,
36,0.0281995209330961,hours_worked,Main,Replication,,,
36,0.0222226561286009,unemployment,Main,Replication,,,
36,0.0166292380584569,labor_share,Main,Replication,,,
36,0.00818245101415704,interest,Main,Replication,,,
36,-0.000441383131940249,inflation,Main,Replication,,,
36,-0.16794896489213,productivity,Main,Replication,,,
36,-0.09940375903759,TFP,Main,Replication,,,
37,-0.116563494330988,output,Main,Replication,,,
37,-0.102616508338828,investment,Main,Replication,,,
37,-0.125770132572782,consumption,Main,Replication,,,
37,0.0303331046545671,hours_worked,Main,Replication,,,
37,0.0206579718438274,unemployment,Main,Replication,,,
37,0.0173740868400257,labor_share,Main,Replication,,,
37,0.00773632251649527,interest,Main,Replication,,,
37,-0.000800414690081756,inflation,Main,Replication,,,
37,-0.168677201495107,productivity,Main,Replication,,,
37,-0.100686424211916,TFP,Main,Replication,,,
38,-0.114321418965666,output,Main,Replication,,,
38,-0.094662081843052,investment,Main,Replication,,,
38,-0.124451200258263,consumption,Main,Replication,,,
38,0.0325230130945583,hours_worked,Main,Replication,,,
38,0.0190429037752367,unemployment,Main,Replication,,,
38,0.0182734383501641,labor_share,Main,Replication,,,
38,0.00733359897257834,interest,Main,Replication,,,
38,-0.00110958576320951,inflation,Main,Replication,,,
38,-0.169313976994738,productivity,Main,Replication,,,
38,-0.101669700776401,TFP,Main,Replication,,,
39,-0.111988347538115,output,Main,Replication,,,
39,-0.0868617522046167,investment,Main,Replication,,,
39,-0.122972982502235,consumption,Main,Replication,,,
39,0.0347229037850903,hours_worked,Main,Replication,,,
39,0.0174069614937648,unemployment,Main,Replication,,,
39,0.0193014174900579,labor_share,Main,Replication,,,
39,0.00697013740197538,interest,Main,Replication,,,
39,-0.00137340254832927,inflation,Main,Replication,,,
39,-0.169850983120334,productivity,Main,Replication,,,
39,-0.102376115002823,TFP,Main,Replication,,,
0,-0.479022703839807,output,Main,classical_fd,-0.422949213943552,-0.307696125923344,-0.497545402640849
1,-0.655471772134727,output,Main,classical_fd,-0.587261671069452,-0.446331440868995,-0.691071930663852
2,-0.673116157677471,output,Main,classical_fd,-0.62035491240022,-0.395860991007718,-0.770580884183789
3,-0.595568715629414,output,Main,classical_fd,-0.556156208410576,-0.248751814603885,-0.775327593199033
4,-0.474257570947953,output,Main,classical_fd,-0.432887180666576,-0.0539959676758193,-0.736094892953165
5,-0.342128769533606,output,Main,classical_fd,-0.290441478357032,0.125008250175488,-0.642383777391767
6,-0.22025803388787,output,Main,classical_fd,-0.159384042448042,0.282081717214866,-0.548252633592441
7,-0.119815172697827,output,Main,classical_fd,-0.046671506108902,0.391933868569767,-0.463846588864612
8,-0.0449201635743348,output,Main,classical_fd,0.0415826830242225,0.464659831784947,-0.376747307475568
9,0.00498547335491287,output,Main,classical_fd,0.0921771423788758,0.515264643565469,-0.314047673721325
10,0.0331156992632864,output,Main,classical_fd,0.132048651858319,0.537206763712964,-0.267465066536925
11,0.0438893650578741,output,Main,classical_fd,0.150289652509834,0.53475941884586,-0.239240089339341
12,0.0419131829559545,output,Main,classical_fd,0.148048279996572,0.526021688272088,-0.227828767694726
13,0.031381373898431,output,Main,classical_fd,0.139354150950945,0.500312325800318,-0.227912169356795
14,0.0157687760580408,output,Main,classical_fd,0.118483721851339,0.473915219057611,-0.222373496383869
15,-0.00225904371649851,output,Main,classical_fd,0.103785827448771,0.452513808194832,-0.221860075943621
16,-0.0208043393117077,output,Main,classical_fd,0.0813506006641897,0.423239889886046,-0.223330886511822
17,-0.0386231019319379,output,Main,classical_fd,0.0653937300094693,0.400833199518036,-0.233942831860806
18,-0.054984182190062,output,Main,classical_fd,0.0530988969200355,0.372962226164503,-0.24657465154678
19,-0.069529759209124,output,Main,classical_fd,0.0380474988286637,0.351537648046968,-0.266395763351468
20,-0.0821536986993266,output,Main,classical_fd,0.0263580061275375,0.340456503879329,-0.273890272317938
21,-0.0929046863444178,output,Main,classical_fd,0.0180708086965528,0.322476095243048,-0.289881958605594
22,-0.101915074284495,output,Main,classical_fd,0.00829572020714079,0.304470230239258,-0.301137468975895
23,-0.109352682723336,output,Main,classical_fd,-0.00168794015417135,0.293220134772275,-0.314489728069926
24,-0.115391141274141,output,Main,classical_fd,-0.0075405015890246,0.291033041179229,-0.319783587267461
25,-0.120193941664782,output,Main,classical_fd,-0.0183723481692885,0.282425616445558,-0.319883905044516
26,-0.123907778790644,output,Main,classical_fd,-0.0263382301015069,0.277591671417869,-0.331811554629759
27,-0.126661548028477,output,Main,classical_fd,-0.0366678559556219,0.282190734016821,-0.336458049285849
28,-0.128568285589707,output,Main,classical_fd,-0.0396641711644394,0.278317419307666,-0.343304056981594
29,-0.129728204946326,output,Main,classical_fd,-0.0410125757352128,0.280833878912154,-0.349335984200068
30,-0.13023170820219,output,Main,classical_fd,-0.0409890700074972,0.289766699321302,-0.356802920696641
31,-0.13016180153063,output,Main,classical_fd,-0.0396488350725251,0.290176822772195,-0.360475321288101
32,-0.129595723080548,output,Main,classical_fd,-0.0421133048193247,0.289228489098721,-0.363291693762663
33,-0.128605824355117,output,Main,classical_fd,-0.0457970428909508,0.292998413962144,-0.369152830746373
34,-0.127259865390316,output,Main,classical_fd,-0.045525258867644,0.297866335443033,-0.374681024324129
35,-0.125620923832858,output,Main,classical_fd,-0.0416745244667871,0.304017324470532,-0.376788089995397
36,-0.123747107962808,output,Main,classical_fd,-0.0420932741918451,0.308853229451598,-0.381136598744449
37,-0.121691227268084,output,Main,classical_fd,-0.0403730319267225,0.311523866167352,-0.383988576598286
38,-0.119500528187341,output,Main,classical_fd,-0.0377707373234321,0.319759813021823,-0.384764421978189
39,-0.11721655792021,output,Main,classical_fd,-0.0381149977561471,0.323453836299033,-0.386934260291417
0,-1.5805509112566,investment,Main,classical_fd,-1.39109725738555,-0.988640838898978,-1.68631852559888
1,-2.32223566202578,investment,Main,classical_fd,-2.08936824384711,-1.66082998516562,-2.43664043471919
2,-2.35409906996496,investment,Main,classical_fd,-2.18295940163633,-1.46994693426751,-2.6885038364402
3,-1.97748667566868,investment,Main,classical_fd,-1.86380704601702,-0.83486833140356,-2.58842938618233
4,-1.42902127513678,investment,Main,classical_fd,-1.32953899119975,-0.13015290688896,-2.3381023357766
5,-0.855419903091662,investment,Main,classical_fd,-0.732977654113705,0.565801544799637,-1.90250663923749
6,-0.343405007777148,investment,Main,classical_fd,-0.191922453725549,1.13963353490563,-1.44615249974283
7,0.0637213857611423,investment,Main,classical_fd,0.245499260888867,1.5459774499252,-1.03178169476019
8,0.353801422991421,investment,Main,classical_fd,0.576331441436868,1.80338320553269,-0.737985357305935
9,0.53386348705759,investment,Main,classical_fd,0.807267259020014,1.91273620270351,-0.455531175155784
10,0.62127592674613,investment,Main,classical_fd,0.874243820994003,1.91595942874193,-0.258832247369522
11,0.637356600393073,investment,Main,classical_fd,0.869263244558989,1.83874900941518,-0.158096427002465
12,0.603201045813998,investment,Main,classical_fd,0.844849851252438,1.75634869947659,-0.0908549883102548
13,0.537318147074575,investment,Main,classical_fd,0.773078104909077,1.6094140189387,-0.0369165930909279
14,0.454565153146747,investment,Main,classical_fd,0.688688146858924,1.44508954988972,-0.0511202647955062
15,0.365972628434555,investment,Main,classical_fd,0.590993032126842,1.31275639729147,-0.116552375642398
16,0.279093103489237,investment,Main,classical_fd,0.498883708526472,1.17624439303986,-0.168269040820842
17,0.198610399928659,investment,Main,classical_fd,0.415134628897421,1.06401030011523,-0.218536035485455
18,0.127022062335953,investment,Main,classical_fd,0.322262939191657,0.958254639750987,-0.280384096762238
19,0.0652813026349331,investment,Main,classical_fd,0.248923798202403,0.859394798201381,-0.322348242576573
20,0.0133378554709386,investment,Main,classical_fd,0.191025498841527,0.788453135361314,-0.384702190479727
21,-0.0294435332388424,investment,Main,classical_fd,0.138592937372324,0.730094117672145,-0.417653948307542
22,-0.0639839392486172,investment,Main,classical_fd,0.0906230110867607,0.670014577902381,-0.451340868411094
23,-0.0912936547792661,investment,Main,classical_fd,0.0529942653686042,0.623619844962124,-0.483476028878586
24,-0.112355906956309,investment,Main,classical_fd,0.0386777715031547,0.594889456711038,-0.524102580689944
25,-0.128068348870473,investment,Main,classical_fd,-0.00526570658874172,0.591950423543302,-0.53748562371355
26,-0.139222520559616,investment,Main,classical_fd,-0.028957575863516,0.583313580595208,-0.550550442164578
27,-0.146505559470294,investment,Main,classical_fd,-0.0463318623120319,0.568246060644463,-0.567118106319173
28,-0.150512765979357,investment,Main,classical_fd,-0.0584046449976965,0.542053117664832,-0.590568955594878
29,-0.151763521000784,investment,Main,classical_fd,-0.0657268023215417,0.540628545456247,-0.608878599902252
30,-0.150716194512255,investment,Main,classical_fd,-0.0730406679654308,0.534498122873308,-0.621882350691181
31,-0.147779989495461,investment,Main,classical_fd,-0.0759298166981269,0.535433091922926,-0.651172405546551
32,-0.143323198457397,investment,Main,classical_fd,-0.0719209238501162,0.554022885060799,-0.643892925455623
33,-0.13767824547058,investment,Main,classical_fd,-0.0616222112404535,0.563283423411694,-0.651523101046054
34,-0.131144307036438,investment,Main,classical_fd,-0.0550755883218962,0.581353138631943,-0.640474455556828
35,-0.123988404019179,investment,Main,classical_fd,-0.0566536572236566,0.584617118534834,-0.646318548237617
36,-0.116445764279624,investment,Main,classical_fd,-0.0434333381403857,0.582062340778485,-0.636933260172666
37,-0.108720070363296,investment,Main,classical_fd,-0.0326807400218526,0.607774609883533,-0.61628935738123
38,-0.100983996999209,investment,Main,classical_fd,-0.0227317103873356,0.6111133098258,-0.624507567318502
39,-0.0933802511249358,investment,Main,classical_fd,-0.00566152394884831,0.63150764197276,-0.613983667710073
0,-0.223830155864779,consumption,Main,classical_fd,-0.197456399783096,-0.137142742391852,-0.245451261680501
1,-0.309839719938502,consumption,Main,classical_fd,-0.284619884249782,-0.184609241550923,-0.352156857332625
2,-0.333767692491119,consumption,Main,classical_fd,-0.309699598870122,-0.172079520205441,-0.405393674318596
3,-0.324653183096697,consumption,Main,classical_fd,-0.300050994168356,-0.121933338744319,-0.429687426495204
4,-0.293875064939619,consumption,Main,classical_fd,-0.269850794707783,-0.0608908636225435,-0.427287522822369
5,-0.251625119960634,consumption,Main,classical_fd,-0.222987667524999,0.0167543293393238,-0.413095469748965
6,-0.206091056046585,consumption,Main,classical_fd,-0.168125882635314,0.0817831822276466,-0.391420210212037
7,-0.163070165191526,consumption,Main,classical_fd,-0.118651345272523,0.140594374423471,-0.360485867322213
8,-0.126127146405455,consumption,Main,classical_fd,-0.0776041146956218,0.187076820111038,-0.330452346651788
9,-0.0969690842350432,consumption,Main,classical_fd,-0.038991780929133,0.226275978019002,-0.308010295319425
10,-0.0759200976420943,consumption,Main,classical_fd,-0.0115964814425705,0.257660672930327,-0.286662917556527
11,-0.0623950532176815,consumption,Main,classical_fd,0.0109092258578223,0.277924120409084,-0.271540360698979
12,-0.0552960830879679,consumption,Main,classical_fd,0.0243009747712808,0.290223082812901,-0.253869367453545
13,-0.0533190315752509,consumption,Main,classical_fd,0.0291406187510648,0.293568668667501,-0.246545977087121
14,-0.055162628897764,consumption,Main,classical_fd,0.0302160109598413,0.297663980577788,-0.247523021957791
15,-0.0596559852689522,consumption,Main,classical_fd,0.0253512312443551,0.296493423215414,-0.245677828184266
16,-0.0658209279645981,consumption,Main,classical_fd,0.0212954421046886,0.291866201451974,-0.248630484502217
17,-0.0728887665388433,consumption,Main,classical_fd,0.0157081457503539,0.280855277178736,-0.248680411093761
18,-0.0802879677122066,consumption,Main,classical_fd,0.0115330237234756,0.271666110890404,-0.258480784457028
19,-0.0876163074724753,consumption,Main,classical_fd,0.00574436369187771,0.263777699698491,-0.269734364344889
20,-0.0946071560701622,consumption,Main,classical_fd,-0.00443427739484151,0.259113902731534,-0.276851768413286
21,-0.101096271479918,consumption,Main,classical_fd,-0.00942460969697054,0.250438807208616,-0.285827880054626
22,-0.106992677879741,consumption,Main,classical_fd,-0.0149898836705176,0.245036352971336,-0.29895244037078
23,-0.112255188108195,consumption,Main,classical_fd,-0.0236794758824641,0.238388378760671,-0.308633467022682
24,-0.116874756383034,consumption,Main,classical_fd,-0.02755949031495,0.23816250993941,-0.317995698847068
25,-0.120862050375428,consumption,Main,classical_fd,-0.0340654967513471,0.231145496415872,-0.32213269437377
26,-0.124239252935412,consumption,Main,classical_fd,-0.0360213559455397,0.227564290020288,-0.323316458398752
27,-0.12703501836852,consumption,Main,classical_fd,-0.0427272582393464,0.224771900556587,-0.327029674428377
28,-0.129281597918914,consumption,Main,classical_fd,-0.0485771579691783,0.220453192012991,-0.331769389868561
29,-0.131013327767084,consumption,Main,classical_fd,-0.0512248046945256,0.21733534329534,-0.336448501767
30,-0.132265877881793,consumption,Main,classical_fd,-0.0517368144185302,0.21798201980213,-0.342041836915701
31,-0.133075853281863,consumption,Main,classical_fd,-0.0539607114623256,0.218570562338504,-0.347267478866637
32,-0.133480500132149,consumption,Main,classical_fd,-0.0544019447642908,0.219215898368158,-0.349934446321965
33,-0.13351739038379,consumption,Main,classical_fd,-0.0551879880261836,0.221471074264292,-0.354363651053105
34,-0.133224041413788,consumption,Main,classical_fd,-0.054344418030106,0.223870462215914,-0.361513704949889
35,-0.132637477058451,consumption,Main,classical_fd,-0.053190323641939,0.224532368131927,-0.366204833401938
36,-0.131793761175044,consumption,Main,classical_fd,-0.0567405444725493,0.22606762714733,-0.367248266022645
37,-0.13072754210047,consumption,Main,classical_fd,-0.0550714083240651,0.229401937629381,-0.377759907356992
38,-0.129471642824971,consumption,Main,classical_fd,-0.0579200453500811,0.237769368507679,-0.378817725250351
39,-0.128056722643612,consumption,Main,classical_fd,-0.0564001642925281,0.24651997378328,-0.381888994579282
0,-0.355818092099126,hours_worked,Main,classical_fd,-0.319128449896824,-0.230373850027144,-0.383572824782115
1,-0.530628473716584,hours_worked,Main,classical_fd,-0.478078864083494,-0.389039108667554,-0.545271713702912
2,-0.582146826725175,hours_worked,Main,classical_fd,-0.534039648377737,-0.409269404056818,-0.618414651217445
3,-0.536696387123754,hours_worked,Main,classical_fd,-0.506975074523205,-0.32545242349881,-0.621638365015653
4,-0.437985999095142,hours_worked,Main,classical_fd,-0.421415614155275,-0.164064453231784,-0.595555295933568
5,-0.318386967004125,hours_worked,Main,classical_fd,-0.297758493475637,0.00335151322404137,-0.539672808284446
6,-0.200224588524775,hours_worked,Main,classical_fd,-0.173876927263637,0.156396358306343,-0.454340004737
7,-0.0964150122828535,hours_worked,Main,classical_fd,-0.0596721749617871,0.270048968266603,-0.367594101041019
8,-0.0131288129230319,hours_worked,Main,classical_fd,0.0329684975267256,0.351989668508267,-0.286895934055354
9,0.0482966471963332,hours_worked,Main,classical_fd,0.105529367738932,0.406464992266556,-0.213696291570134
10,0.0894704515355053,hours_worked,Main,classical_fd,0.151048417462413,0.434174845986768,-0.153692809222763
11,0.113575629599045,hours_worked,Main,classical_fd,0.177472354136297,0.444001871647661,-0.101351553589807
12,0.124350532394189,hours_worked,Main,classical_fd,0.185038950633045,0.444176447867448,-0.066999228955333
13,0.12544522845373,hours_worked,Main,classical_fd,0.185142652169944,0.425145065661106,-0.0390929714958686
14,0.120052676450538,hours_worked,Main,classical_fd,0.174768735803744,0.398855406245133,-0.0302559994068145
15,0.110751652656081,hours_worked,Main,classical_fd,0.169806974730838,0.374382748830903,-0.0301413284895658
16,0.0994864330134032,hours_worked,Main,classical_fd,0.161171698055694,0.349153620772071,-0.0296270688504398
17,0.0876289358124596,hours_worked,Main,classical_fd,0.147162386670335,0.327397727185153,-0.030188762512999
18,0.0760795103948402,hours_worked,Main,classical_fd,0.133083425376033,0.303314616264355,-0.0391065486418626
19,0.0653777587725751,hours_worked,Main,classical_fd,0.118383128992573,0.282083918854465,-0.0424487186176836
20,0.0558053758679694,hours_worked,Main,classical_fd,0.10564908240243,0.263662142122433,-0.0544058935680164
21,0.0474720685623212,hours_worked,Main,classical_fd,0.0953692172183425,0.24989621013857,-0.0617977563076296
22,0.0403815512262391,hours_worked,Main,classical_fd,0.086158258557115,0.237363873516386,-0.0690715565424968
23,0.034478515075329,hours_worked,Main,classical_fd,0.0731551793559337,0.228552546387636,-0.0764125986730538
24,0.0296794804981879,hours_worked,Main,classical_fd,0.0647719655388359,0.220852365358989,-0.0833900108765937
25,0.0258912283051531,hours_worked,Main,classical_fd,0.0557679450739893,0.216193308888379,-0.0880322887076423
26,0.0230204501470078,hours_worked,Main,classical_fd,0.0464853458951673,0.20947274554308,-0.0925828140324806
27,0.0209777556648561,hours_worked,Main,classical_fd,0.0411002331124642,0.207296337450703,-0.0958349442399129
28,0.0196784752894675,hours_worked,Main,classical_fd,0.0371695522409041,0.19873710768253,-0.100550511213302
29,0.0190419851897646,hours_worked,Main,classical_fd,0.0373159275939629,0.193833406949745,-0.105242751251789
30,0.018990653199718,hours_worked,Main,classical_fd,0.036527231424548,0.187523160858697,-0.112230466355963
31,0.019449009237695,hours_worked,Main,classical_fd,0.0350320571630703,0.187055158339553,-0.110489620699138
32,0.0203433889124282,hours_worked,Main,classical_fd,0.0331235093894181,0.188457736957322,-0.112891930210695
33,0.0216020712836932,hours_worked,Main,classical_fd,0.03605186451281,0.191736914561272,-0.118010474102491
34,0.0231558063328268,hours_worked,Main,classical_fd,0.0339301843435582,0.19764834153344,-0.120929966147522
35,0.0249385770101834,hours_worked,Main,classical_fd,0.0350500312907495,0.205650971972461,-0.12088368319022
36,0.0268884390298769,hours_worked,Main,classical_fd,0.0358806311292198,0.210046995312886,-0.121558764333223
37,0.0289483076817335,hours_worked,Main,classical_fd,0.0399898556294673,0.214227392070402,-0.1201963880595
38,0.0310665989853516,hours_worked,Main,classical_fd,0.0429361394546968,0.219979413105248,-0.120232813018948
39,0.0331976718542042,hours_worked,Main,classical_fd,0.0460747540273174,0.228716463101553,-0.119849016390925
0,0.198435725641575,unemployment,Main,classical_fd,0.172439748667665,0.19082195314499,0.144605535321532
1,0.33011722613991,unemployment,Main,classical_fd,0.295754938513981,0.32614035000614,0.24556231155941
2,0.384483060477829,unemployment,Main,classical_fd,0.350635826414579,0.394414945228849,0.279384784811631
3,0.37964381125357,unemployment,Main,classical_fd,0.355207470565187,0.416386518390024,0.246426256383334
4,0.337608771901055,unemployment,Main,classical_fd,0.32155282217911,0.411850796677382,0.17366489283246
5,0.276481690506327,unemployment,Main,classical_fd,0.257156886717435,0.38403529814731,0.0845557737422914
6,0.210018875490217,unemployment,Main,classical_fd,0.190274812794438,0.342437700708367,-0.00720339416716219
7,0.147181145645027,unemployment,Main,classical_fd,0.12246932198359,0.294673821323439,-0.0807875800664713
8,0.0931777754364696,unemployment,Main,classical_fd,0.0664606836598878,0.244189976513058,-0.132105578951966
9,0.0502575926711827,unemployment,Main,classical_fd,0.0197734471307683,0.19380020146324,-0.171622798695222
10,0.0186547441488917,unemployment,Main,classical_fd,-0.0162036456758541,0.157195726812427,-0.192052365841693
11,-0.00265745176073754,unemployment,Main,classical_fd,-0.0378977238583283,0.129200622172203,-0.206343903119535
12,-0.0153495856870796,unemployment,Main,classical_fd,-0.0540373799964319,0.104613160920881,-0.211661182186199
13,-0.0213042890849799,unemployment,Main,classical_fd,-0.0574792574440322,0.0861696354141258,-0.207358551000573
14,-0.0223320117342397,unemployment,Main,classical_fd,-0.0564393587266212,0.066927870267589,-0.194965588510276
15,-0.0200131729180142,unemployment,Main,classical_fd,-0.0524008596670653,0.0526978753430729,-0.178864928970417
16,-0.0156302070857734,unemployment,Main,classical_fd,-0.047367829450558,0.0474539155822637,-0.163436860487602
17,-0.0101611421903584,unemployment,Main,classical_fd,-0.0403718428831873,0.0469297543854407,-0.144986923238024
18,-0.00430900489694734,unemployment,Main,classical_fd,-0.0342469511453405,0.0480259204493429,-0.132310176374149
19,0.00145135095496872,unemployment,Main,classical_fd,-0.0291794621850878,0.0506473180080726,-0.118450771849421
20,0.00682204855548476,unemployment,Main,classical_fd,-0.0203709023671798,0.0547640596672448,-0.106615214951066
21,0.0116344513238798,unemployment,Main,classical_fd,-0.0150236572241037,0.0595699056725637,-0.0967467907865839
22,0.0158089791493631,unemployment,Main,classical_fd,-0.00763298519069233,0.0634738061204419,-0.0864903406574863
23,0.0193238226744436,unemployment,Main,classical_fd,-0.0024944319470433,0.068252225787824,-0.0764550909348667
24,0.0221922209237075,unemployment,Main,classical_fd,0.00452838004902707,0.072603521683686,-0.0684794194967004
25,0.0244470394699135,unemployment,Main,classical_fd,0.00770861100701069,0.0752471511509898,-0.0620216689951246
26,0.026131036503251,unemployment,Main,classical_fd,0.0116676259292674,0.0779846722974517,-0.0560407910282809
27,0.0272912120160773,unemployment,Main,classical_fd,0.0138465497345924,0.079666764690188,-0.0499953408483533
28,0.0279758507564343,unemployment,Main,classical_fd,0.0159022012187048,0.0840394271088546,-0.045916102330236
29,0.0282331707378766,unemployment,Main,classical_fd,0.0177045111865866,0.0838449403701733,-0.0436619214197419
30,0.0281108001176478,unemployment,Main,classical_fd,0.0196411192617775,0.0851385505041689,-0.0392994893643808
31,0.0276555799496311,unemployment,Main,classical_fd,0.0224412079222909,0.0858192085060921,-0.0378003904456538
32,0.0269134082465379,unemployment,Main,classical_fd,0.023435112050209,0.0888075030064606,-0.0370716821883234
33,0.0259289974907509,unemployment,Main,classical_fd,0.0241924129201086,0.0868322636006479,-0.0357330253708269
34,0.0247455190268932,unemployment,Main,classical_fd,0.024927457943501,0.0882559926071408,-0.0338101611319728
35,0.023404164253542,unemployment,Main,classical_fd,0.0244442640229082,0.0874261600125758,-0.0317416444152005
36,0.0219436762567126,unemployment,Main,classical_fd,0.0238985813435373,0.0860823975211848,-0.0322880084675021
37,0.0203999077154393,unemployment,Main,classical_fd,0.023399726575704,0.0849900255151017,-0.0316185496306851
38,0.0188054508478363,unemployment,Main,classical_fd,0.022546404878005,0.0825034791826793,-0.0319655718572272
39,0.0171893697940757,unemployment,Main,classical_fd,0.0206969288058717,0.0809324368765326,-0.0323738810272056
0,0.167501135559278,labor_share,Main,classical_fd,0.149491325593487,0.298574932636637,-0.0268806474534239
1,0.128041574612028,labor_share,Main,classical_fd,0.108481920831803,0.215985420200913,-0.00387633847955368
2,0.0529323730512192,labor_share,Main,classical_fd,0.0335855376461737,0.150558215315721,-0.0847292663452257
3,-0.0370601289771658,labor_share,Main,classical_fd,-0.0501744963559658,0.0572106013706663,-0.15595147751274
4,-0.116586071874464,labor_share,Main,classical_fd,-0.124905088360869,-0.0248496875544286,-0.222909232642506
5,-0.174651968434235,labor_share,Main,classical_fd,-0.175304993981006,-0.0855847494763658,-0.25889092239165
6,-0.207905876456585,labor_share,Main,classical_fd,-0.202364306657329,-0.127067363841778,-0.27912353014091
7,-0.218786179056773,labor_share,Main,classical_fd,-0.208126140432199,-0.136213979785806,-0.282672932002145
8,-0.211747326345277,labor_share,Main,classical_fd,-0.198913270195048,-0.119370649377309,-0.282738084949113
9,-0.192264692916732,labor_share,Main,classical_fd,-0.183605887310075,-0.0890498602803367,-0.271560547580251
10,-0.165375493293733,labor_share,Main,classical_fd,-0.156045770438492,-0.0461754168052601,-0.258132066081525
11,-0.135329712190982,labor_share,Main,classical_fd,-0.124227497461939,-0.0040170901781623,-0.239210284662219
12,-0.105294794194339,labor_share,Main,classical_fd,-0.0891907598755051,0.0307616558697984,-0.221679079031071
13,-0.0774199551769998,labor_share,Main,classical_fd,-0.0624122556771326,0.0644622385916985,-0.197962148183525
14,-0.0529577567621812,labor_share,Main,classical_fd,-0.0340801294691522,0.08887631776626,-0.174743115694289
15,-0.0324657106492367,labor_share,Main,classical_fd,-0.0128033820403516,0.110108047065738,-0.14757593357539
16,-0.0159995067849177,labor_share,Main,classical_fd,0.00487345745729335,0.125279097642961,-0.123774592315383
17,-0.00329065969127506,labor_share,Main,classical_fd,0.0172914454040105,0.133554071595243,-0.106482959551491
18,0.00611245389685858,labor_share,Main,classical_fd,0.0255244117250403,0.138540875055859,-0.0894373823079848
19,0.0127389204262266,labor_share,Main,classical_fd,0.0293773099326566,0.136901565514739,-0.0778745695766577
20,0.0171237920749991,labor_share,Main,classical_fd,0.0315972034012785,0.136231033912894,-0.0673746810291697
21,0.0197641013566295,labor_share,Main,classical_fd,0.0331022619361105,0.132522333025776,-0.0618953674496092
22,0.0210960420317839,labor_share,Main,classical_fd,0.0347409837168002,0.127749331954426,-0.0558481933197316
23,0.0214867788808237,labor_share,Main,classical_fd,0.0344249732231981,0.123255050277493,-0.0512387227557853
24,0.0212355934474127,labor_share,Main,classical_fd,0.0329891819883203,0.118963892433771,-0.0488676975460161
25,0.0205801956028546,labor_share,Main,classical_fd,0.0319884604531269,0.115675724364433,-0.0470199367436884
26,0.0197052927511315,labor_share,Main,classical_fd,0.029456984671338,0.110054746587235,-0.0511818527328472
27,0.0187515278233444,labor_share,Main,classical_fd,0.028646745398735,0.104156617391608,-0.0503143308215175
28,0.0178237222241312,labor_share,Main,classical_fd,0.026528084363817,0.100988983120161,-0.0544044381547711
29,0.0169979373138241,labor_share,Main,classical_fd,0.0234427880325657,0.097010048521806,-0.0517488408419728
30,0.0163272479355973,labor_share,Main,classical_fd,0.0200773394468387,0.0969070827716702,-0.0537199987205917
31,0.0158463359582762,labor_share,Main,classical_fd,0.0183556245474475,0.096132683497815,-0.0546401029374953
32,0.015575110266228,labor_share,Main,classical_fd,0.0155571367236315,0.0952702358595494,-0.0553752239671541
33,0.0155215804747404,labor_share,Main,classical_fd,0.013725705587008,0.0927160431942171,-0.0542343901321113
34,0.0156841885637305,labor_share,Main,classical_fd,0.0120245548664602,0.0942547908132178,-0.0543135854186596
35,0.0160537592206002,labor_share,Main,classical_fd,0.0120103785768784,0.0926646322514953,-0.0567556514103832
36,0.0166151821548489,labor_share,Main,classical_fd,0.0116886481844681,0.0935459371309882,-0.0579471012979319
37,0.0173488972455558,labor_share,Main,classical_fd,0.0130063706285622,0.0926641058539656,-0.0585317942696848
38,0.0182322205134719,labor_share,Main,classical_fd,0.0125006034997568,0.0934609789932192,-0.0604837381060534
39,0.0192405265438826,labor_share,Main,classical_fd,0.0123712340546,0.094691902819101,-0.059581500393899
0,-0.0560213454412518,interest,Main,classical_fd,-0.0518418454079734,-0.00626122100943516,-0.103798952997104
1,-0.105538916772441,interest,Main,classical_fd,-0.10410257688299,-0.0449873151178342,-0.154791625489626
2,-0.122934652941078,interest,Main,classical_fd,-0.122911519379712,-0.0691033321709667,-0.16663344909841
3,-0.12123391155429,interest,Main,classical_fd,-0.121692948985248,-0.0770251864890443,-0.158944349303655
4,-0.109189605207086,interest,Main,classical_fd,-0.111075274699023,-0.0729376052829623,-0.144118206311314
5,-0.0913790671024468,interest,Main,classical_fd,-0.0935607849161833,-0.0609147264026235,-0.125855132195462
6,-0.0715208718978194,interest,Main,classical_fd,-0.0755400983620568,-0.0424660192414063,-0.107034968675987
7,-0.0520193645539557,interest,Main,classical_fd,-0.0575460649183582,-0.0227304509334112,-0.0897035333346886
8,-0.0343501927578016,interest,Main,classical_fd,-0.0390016423365705,-0.00262739769497221,-0.0742479635226377
9,-0.0192526099851969,interest,Main,classical_fd,-0.022853029419495,0.0131937929630042,-0.0632335394502632
10,-0.00695951224250057,interest,Main,classical_fd,-0.00936966956213756,0.0260964873803751,-0.0516554318746963
11,0.00262882393552965,interest,Main,classical_fd,0.000871918794915265,0.0361260741215367,-0.042101332629198
12,0.00979970232018637,interest,Main,classical_fd,0.00793863338125196,0.0426694301122366,-0.031688822371749
13,0.0149261788926116,interest,Main,classical_fd,0.0128777081077758,0.0474993945626999,-0.025085841141281
14,0.0183966180067278,interest,Main,classical_fd,0.0165400987967162,0.0520990345271805,-0.0208558517351765
15,0.0205727535483428,interest,Main,classical_fd,0.0189454621274177,0.0538090181815556,-0.0153671385184059
16,0.0217678040213306,interest,Main,classical_fd,0.0206883902502281,0.0543528155372306,-0.0126262081354783
17,0.0222390985656099,interest,Main,classical_fd,0.0233662558842656,0.0546849878535132,-0.0103165042245739
18,0.0221895825366234,interest,Main,classical_fd,0.0236771868688098,0.0547023335259081,-0.00911394141754851
19,0.0217742882425047,interest,Main,classical_fd,0.0233118622264069,0.056346498475963,-0.00967275295060775
20,0.0211088044242576,interest,Main,classical_fd,0.023508568200859,0.055716654476768,-0.0101198714574014
21,0.0202779052313647,interest,Main,classical_fd,0.0230248797135552,0.056135245506144,-0.0102869581957165
22,0.0193432594966752,interest,Main,classical_fd,0.0227105435743473,0.0558980398584406,-0.00920488701353696
23,0.0183497496297962,interest,Main,classical_fd,0.022641783534186,0.0545314879557445,-0.0105471331066762
24,0.0173303079244137,interest,Main,classical_fd,0.0223641394832842,0.0537427854093734,-0.0114259345595308
25,0.0163094100763781,interest,Main,classical_fd,0.0216273671384931,0.0525003898054095,-0.0117085939554168
26,0.015305471782049,interest,Main,classical_fd,0.0206878517904261,0.0525256416541213,-0.0122211378809091
27,0.0143324225550518,interest,Main,classical_fd,0.0198352133992592,0.0524904326714405,-0.01261219266192
28,0.0134007091710987,interest,Main,classical_fd,0.0185233083983294,0.0523186550056711,-0.0130347180042535
29,0.0125179357727579,interest,Main,classical_fd,0.0177786660115303,0.0521792174439125,-0.0133323651867631
30,0.0116892946101556,interest,Main,classical_fd,0.0175542221021036,0.0517414151057639,-0.0141179955335941
31,0.0109178915044608,interest,Main,classical_fd,0.0171795049393125,0.0511232777150717,-0.0148167583486472
32,0.0102050286630573,interest,Main,classical_fd,0.016287125603762,0.0508035413855132,-0.0157882674948892
33,0.00955047645238017,interest,Main,classical_fd,0.0154771970024646,0.0496800703293578,-0.0168155920207986
34,0.00895274478292831,interest,Main,classical_fd,0.0147822411520386,0.0494299155382069,-0.0181728059495322
35,0.00840935234862882,interest,Main,classical_fd,0.0141717007465803,0.0495146971244318,-0.0180219997356185
36,0.00791708604619248,interest,Main,classical_fd,0.0134971202517459,0.0486426949759733,-0.0184117325815492
37,0.00747224144464075,interest,Main,classical_fd,0.013379857526762,0.0491300444924861,-0.0193801842982308
38,0.00707083641224164,interest,Main,classical_fd,0.0127932499616793,0.0493588387711347,-0.0202540158488695
39,0.00670879256298737,interest,Main,classical_fd,0.0125347468991256,0.0494571483067376,-0.0206452060395733
0,-0.00344608758953386,inflation,Main,classical_fd,-0.00787279440983732,0.0313800030474792,-0.046469262898803
1,-0.0167708265245569,inflation,Main,classical_fd,-0.0182853459772394,0.0114465633980267,-0.0503341443696326
2,-0.030361694213321,inflation,Main,classical_fd,-0.0319158578965786,-0.00328746068796408,-0.0595553252808586
3,-0.0333925656077721,inflation,Main,classical_fd,-0.0352274451638562,-0.00946605051869108,-0.0613816620983098
4,-0.0324758967237647,inflation,Main,classical_fd,-0.0337662755388559,-0.0113064669445841,-0.0570920243713501
5,-0.0269476617892933,inflation,Main,classical_fd,-0.0278994595380585,-0.00799846693292834,-0.0503198236845116
6,-0.0191501893874885,inflation,Main,classical_fd,-0.0210860073758063,-0.0010515255502091,-0.0419946228260351
7,-0.0103370645571767,inflation,Main,classical_fd,-0.0132451556307872,0.00877916406375483,-0.0350486273863525
8,-0.0017952172331381,inflation,Main,classical_fd,-0.00439849785898756,0.0183690030941701,-0.0273044199460598
9,0.00573803469065889,inflation,Main,classical_fd,0.00463152837161638,0.0268975658861606,-0.0206292731472712
10,0.0118211659330585,inflation,Main,classical_fd,0.0110986318525169,0.0341579575893247,-0.0143349212268973
11,0.0163304282515018,inflation,Main,classical_fd,0.016260463099886,0.0404957148643199,-0.0108204930953224
12,0.0193290945935907,inflation,Main,classical_fd,0.0203414938173254,0.0447028902929038,-0.00637486061098886
13,0.0210073685920155,inflation,Main,classical_fd,0.0223169998977977,0.0466631371517778,-0.00348064671622874
14,0.0216087003828018,inflation,Main,classical_fd,0.02332878078528,0.0475565450058077,-0.000926613123048698
15,0.0213875014361716,inflation,Main,classical_fd,0.0239422308017206,0.0472977051517436,0.000100995972237939
16,0.020577706698279,inflation,Main,classical_fd,0.0235278415913547,0.0469456967989416,0.000267212704329699
17,0.0193779693047391,inflation,Main,classical_fd,0.0229194201122826,0.0464292325947154,0.000406585759215127
18,0.0179458085997707,inflation,Main,classical_fd,0.0221099746610296,0.0457558837483812,0.000580893855389773
19,0.0163990600199649,inflation,Main,classical_fd,0.0212019568796766,0.0444638930504242,-0.000296077216784578
20,0.0148208852567283,inflation,Main,classical_fd,0.0198864643141929,0.0432526062876903,-0.000726955942881397
21,0.0132665359501966,inflation,Main,classical_fd,0.0186911140801465,0.0417143863281666,-0.00161243707836492
22,0.0117702185553986,inflation,Main,classical_fd,0.01730556087359,0.0407101497165996,-0.00316742004016764
23,0.010351260054849,inflation,Main,classical_fd,0.0158961376446418,0.0391026730473932,-0.00401695272449993
24,0.00901912114341338,inflation,Main,classical_fd,0.014347568309863,0.0384770637210354,-0.00507746205391588
25,0.00777717502191331,inflation,Main,classical_fd,0.0135239046822254,0.0371556739683071,-0.00619678446353543
26,0.00662534289917863,inflation,Main,classical_fd,0.012576104293734,0.0361673897680983,-0.00753080202187477
27,0.00556178824170026,inflation,Main,classical_fd,0.0120535495689426,0.0355550461175895,-0.00854131931009541
28,0.00458389883075868,inflation,Main,classical_fd,0.0108518786483866,0.0338595976387028,-0.00996165526240163
29,0.00368877649129025,inflation,Main,classical_fd,0.00981936562914319,0.0323445693268098,-0.0102249485634747
30,0.00287341861320161,inflation,Main,classical_fd,0.00907970519928965,0.0309232800736375,-0.011383242061943
31,0.0021347324807734,inflation,Main,classical_fd,0.00824626673083554,0.0302579500183553,-0.0123494354225943
32,0.00146948027585861,inflation,Main,classical_fd,0.00727920911375184,0.0292306064908487,-0.0127406683712256
33,0.000874215725446241,inflation,Main,classical_fd,0.00616616980956794,0.0288373072270304,-0.0131992492506093
34,0.000345244556625983,inflation,Main,classical_fd,0.00541551580446219,0.02762998024912,-0.0138585483006121
35,-0.000121379369030329,inflation,Main,classical_fd,0.00465960088927658,0.0266837300160664,-0.0146624456144123
36,-0.000529823208481904,inflation,Main,classical_fd,0.00424205064849008,0.0256260769738272,-0.014948307832233
37,-0.000884417423889924,inflation,Main,classical_fd,0.00376395842227902,0.0245838646906976,-0.0156390392305372
38,-0.00118958164409105,inflation,Main,classical_fd,0.00340503963288672,0.0243773350346051,-0.0156182135046748
39,-0.00144974435364585,inflation,Main,classical_fd,0.00300281267748632,0.0238856453033951,-0.015706583861332
0,-0.221126349217624,productivity,Main,classical_fd,-0.191438105934552,-0.0739493854672632,-0.284401700003566
1,-0.155546280315744,productivity,Main,classical_fd,-0.13763711140788,-0.019214855684903,-0.247367779354286
2,-0.0321020076885084,productivity,Main,classical_fd,-0.0201861723746724,0.131551691015958,-0.172114364691099
3,0.0782455796102075,productivity,Main,classical_fd,0.0895841518725669,0.252919572510693,-0.0878686782130556
4,0.157372042112882,productivity,Main,classical_fd,0.17173696704535,0.336449052802317,-0.0139473144812755
5,0.202323681616512,productivity,Main,classical_fd,0.222378007050125,0.381675124436955,0.0380567947036753
6,0.216113712065172,productivity,Main,classical_fd,0.237831516480479,0.385431636849579,0.0645695746265873
7,0.205422881833274,productivity,Main,classical_fd,0.229401691696087,0.374822570788329,0.0735136440443966
8,0.177644248937633,productivity,Main,classical_fd,0.201413449835034,0.346903336054139,0.056890184779323
9,0.139779206644339,productivity,Main,classical_fd,0.169564862617799,0.316228141025707,0.0212242601586717
10,0.0975654922822366,productivity,Main,classical_fd,0.132715789554322,0.276594493137568,-0.0161910783232276
11,0.0552929645302764,productivity,Main,classical_fd,0.0950394150439207,0.244872168045827,-0.0554862245878528
12,0.0158154333330169,productivity,Main,classical_fd,0.057338176883133,0.216710314241506,-0.0952956907412503
13,-0.019225891016917,productivity,Main,classical_fd,0.026078121611344,0.191025044850103,-0.128594842346384
14,-0.0491344865581338,productivity,Main,classical_fd,-0.00202692372631145,0.164220813622614,-0.156081082048499
15,-0.0738771350686478,productivity,Main,classical_fd,-0.0280840260772172,0.146776651916277,-0.182889786622507
16,-0.0938404079973099,productivity,Main,classical_fd,-0.0477012123646245,0.133315375708824,-0.205811583945141
17,-0.109634786159752,productivity,Main,classical_fd,-0.06059849776488,0.132648536122998,-0.228260217815796
18,-0.12195266244476,productivity,Main,classical_fd,-0.0709363871482113,0.130753029121123,-0.244880084060167
19,-0.131473950385941,productivity,Main,classical_fd,-0.0792635389314784,0.132156343322596,-0.261589101765972
20,-0.138811124579816,productivity,Main,classical_fd,-0.0828772729550214,0.126498563871464,-0.281945005114562
21,-0.144483461257519,productivity,Main,classical_fd,-0.0852335580147638,0.132686608579003,-0.293959836584991
22,-0.148911291134821,productivity,Main,classical_fd,-0.0876220325538812,0.136421761315845,-0.313564604849103
23,-0.152422418135182,productivity,Main,classical_fd,-0.0899715290482417,0.143711866981629,-0.327986070183023
24,-0.155264802304416,productivity,Main,classical_fd,-0.091742374536474,0.145503022279201,-0.337614956545408
25,-0.157621368617706,productivity,Main,classical_fd,-0.0924790587837263,0.142937355240055,-0.347770951131234
26,-0.159624363187111,productivity,Main,classical_fd,-0.0950655003707267,0.143072724789042,-0.35865538630757
27,-0.161367866119452,productivity,Main,classical_fd,-0.0967414690009259,0.148879930427368,-0.360621638706536
28,-0.162917920944468,productivity,Main,classical_fd,-0.0981985440085341,0.153786595895691,-0.364298526700892
29,-0.164320279874347,productivity,Main,classical_fd,-0.100391892249912,0.155575280373718,-0.372455287739673
30,-0.165606064092795,productivity,Main,classical_fd,-0.101100902989941,0.162057855802167,-0.37694219344486
31,-0.166795762768837,productivity,Main,classical_fd,-0.10403929466763,0.162532233672656,-0.378722884318559
32,-0.167902006012915,productivity,Main,classical_fd,-0.106452022290819,0.164726117515239,-0.382506547911535
33,-0.168931493895544,productivity,Main,classical_fd,-0.108131401033129,0.169242781000868,-0.386903186359889
34,-0.16988638232503,productivity,Main,classical_fd,-0.108462893650026,0.171086710091785,-0.393037645456998
35,-0.17076534083132,productivity,Main,classical_fd,-0.11275173389618,0.17323881873966,-0.394118684728672
36,-0.17156442116673,productivity,Main,classical_fd,-0.113820046210557,0.173017204674097,-0.393694333592394
37,-0.172277815565166,productivity,Main,classical_fd,-0.114984838963787,0.17546046908591,-0.395959430797676
38,-0.172898540918394,productivity,Main,classical_fd,-0.117893466406213,0.176277119649022,-0.401538995439502
39,-0.173419058376937,productivity,Main,classical_fd,-0.122303243867247,0.177337261912731,-0.40894025161015
0,0.108697656012308,TFP,Main,classical_fd,0.111572114218795,0.235849039540519,-0.0387825321313077
1,0.202270395739551,TFP,Main,classical_fd,0.203559584484098,0.320446273028301,0.0588531587985021
2,0.229531055370936,TFP,Main,classical_fd,0.237835784543483,0.356176548080098,0.08719402368727
3,0.208497157629908,TFP,Main,classical_fd,0.224462377198199,0.337211727615578,0.084676760497931
4,0.158813527549178,TFP,Main,classical_fd,0.178326611684617,0.293197254915408,0.0505522787415965
5,0.102391884583379,TFP,Main,classical_fd,0.130225268672365,0.240848318716028,0.00680361823300239
6,0.0501521022041184,TFP,Main,classical_fd,0.0792261040737891,0.200278544684137,-0.0416267233278168
7,0.0083311282044696,TFP,Main,classical_fd,0.042603024896269,0.170198935233234,-0.0805863668872063
8,-0.021295752491403,TFP,Main,classical_fd,0.0177152198287135,0.150753520709333,-0.113537923763982
9,-0.0394292551890626,TFP,Main,classical_fd,0.00240927982289842,0.140039455987197,-0.137299913443198
10,-0.0482007353145289,TFP,Main,classical_fd,-0.00271554034147028,0.143127330402173,-0.153369693060544
11,-0.0502258578329001,TFP,Main,classical_fd,-0.000726427825206222,0.153602825457869,-0.162407900800087
12,-0.0480629073073214,TFP,Main,classical_fd,0.00727256529441771,0.166830252573665,-0.166823213669436
13,-0.0438777662329339,TFP,Main,classical_fd,0.00949224504032123,0.1813277339225,-0.171660832074065
14,-0.0393149283432668,TFP,Main,classical_fd,0.0161471058645149,0.195644976855262,-0.173209057538099
15,-0.0354840560579776,TFP,Main,classical_fd,0.021995336773748,0.205315564590957,-0.17407614296238
16,-0.0330243895134984,TFP,Main,classical_fd,0.0287360563901951,0.218471322920047,-0.174186222241513
17,-0.0322017785350139,TFP,Main,classical_fd,0.0326804559916085,0.227974097883185,-0.177487533045785
18,-0.0330142635853597,TFP,Main,classical_fd,0.0344767750834705,0.23131655418366,-0.181010345195048
19,-0.0352883692418388,TFP,Main,classical_fd,0.032302383800302,0.228500258035266,-0.180598768727814
20,-0.0387582746866129,TFP,Main,classical_fd,0.031529873830568,0.227480318341005,-0.182869643955457
21,-0.0431249050683451,TFP,Main,classical_fd,0.0286053553441808,0.224154480625113,-0.187918925591117
22,-0.0480960316906392,TFP,Main,classical_fd,0.0246952059827196,0.219418489544563,-0.191194835275824
23,-0.0534102704007441,TFP,Main,classical_fd,0.0209035936396538,0.212939425468007,-0.197444129988323
24,-0.0588487158378215,TFP,Main,classical_fd,0.014868732354182,0.207107248278095,-0.199277536573286
25,-0.0642378841470489,TFP,Main,classical_fd,0.00641961025615394,0.205869811253062,-0.208496859394156
26,-0.0694471725553438,TFP,Main,classical_fd,-0.00331617845938163,0.196950526788006,-0.214610238714942
27,-0.0743833568966417,TFP,Main,classical_fd,-0.0111835460388548,0.193564600701468,-0.214809312847088
28,-0.0789839446325488,TFP,Main,classical_fd,-0.015973832961364,0.184427752502926,-0.223237430755086
29,-0.0832105666079422,TFP,Main,classical_fd,-0.018805128410736,0.181265770975742,-0.230311108030276
30,-0.0870430817561451,TFP,Main,classical_fd,-0.0215422234831564,0.179149240060123,-0.238727843834576
31,-0.0904746939757858,TFP,Main,classical_fd,-0.0294807195353724,0.177144545054446,-0.243978493528973
32,-0.0935081305624055,TFP,Main,classical_fd,-0.0333266060179588,0.174255459709756,-0.250377473848408
33,-0.0961527842706064,TFP,Main,classical_fd,-0.0394240194043034,0.1742767520183,-0.252497387906182
34,-0.0984226509252962,TFP,Main,classical_fd,-0.0427675162409105,0.175916847255138,-0.254758415579523
35,-0.100334876813708,TFP,Main,classical_fd,-0.0486242538434417,0.172489191823342,-0.258947890403641
36,-0.101908744228383,TFP,Main,classical_fd,-0.0484991244369205,0.17115178663454,-0.267193799755774
37,-0.103164953611959,TFP,Main,classical_fd,-0.051231120868052,0.16933610827088,-0.268966047364199
38,-0.104125095754238,TFP,Main,classical_fd,-0.0550289227281077,0.164409745778527,-0.271674992919761
39,-0.104811240539068,TFP,Main,classical_fd,-0.0585913895327709,0.161350844855189,-0.275710419999014
