date,output,investment,consumption,hours_worked,unemployment,labor_share,interest,inflation,productivity,TFP,vfci
1962-01-01,984.559357411723,1304.42666916679,1379.10513556316,1751.74902599223,5.6,470.636154075837,0.615,0.514261514626695,357.590670545397,32.8033337171215,-0.564593253843036
1962-04-01,985.108838373692,1304.15647340834,1380.04071739088,1752.13140343347,5.5,471.348182053206,0.6525,0.164948491007572,357.189609862812,32.3940990489108,0.0143309461129793
1962-07-01,985.943116633921,1304.57837995019,1380.48889478536,1752.48583319251,5.6,470.281324674652,0.7125,0.205803735945618,358.839591553561,33.6055390155604,-0.30757479008111
1962-10-01,985.869936974599,1303.25778286835,1381.18643185053,1751.34941016932,5.5,470.515370998994,0.73,0.205381053914866,359.574939611613,34.7647112689844,-0.247984889052903
1963-01-01,986.62528659259,1306.49259834766,1381.17106474403,1751.73115111841,5.8,470.675795541328,0.7425,0.438686984346976,359.865382604038,34.6073078543573,-0.446383183264061
1963-04-01,987.41617231543,1308.09649667882,1381.76833956418,1752.05487321128,5.7,470.381192556872,0.74,0.174937358742604,360.620411744503,34.6787685085751,-0.623474241224233
1963-07-01,989.212322245708,1309.8926466091,1382.98139746338,1752.18308769793,5.5,468.998964891779,0.8325,0.13391169652722,363.045553397622,36.0912343447974,-0.559444495410656
1963-10-01,989.479992413856,1310.96677276092,1382.85844213482,1752.10765786684,5.6,469.586566264565,0.8625,0.80549793733981,362.973966688481,36.0157672387146,-0.379552853720046
1964-01-01,991.254639702447,1313.93903915419,1384.43720297488,1753.8022850718,5.5,468.391671938872,0.865,0.31693921133943,363.597960675307,37.4223335163938,-0.614619165520451
1964-04-01,992.019716609908,1314.30650122368,1385.78879182758,1754.37096368012,5.2,468.658041197553,0.8725,0.22987194766797,364.144711767905,36.6887752578961,-0.552839999156211
1964-07-01,993.207500938804,1315.89190039054,1386.97657615648,1754.31687362531,5,468.456529794351,0.865,0.395291397248813,365.172260971758,37.5878082632547,-0.562086267079173
1964-10-01,993.163759595247,1315.05134208207,1387.32194036222,1754.43207719519,5,469.827572023953,0.895,0.45636131684952,364.204986675714,37.3690947261865,-0.518018796546738
1965-01-01,995.280138908905,1323.37126048767,1388.06977436735,1755.59834019754,4.9,468.488042730672,0.995,0.4996036280385,365.630460818176,37.2355844758744,-0.464006540367813
1965-04-01,996.26522857041,1323.22212248878,1389.25152092606,1755.96010495097,4.7,468.547440118933,1.02,0.457666702741167,366.089141757377,37.5382103825902,-0.305557437832876
1965-07-01,998.128157997615,1325.46455901284,1390.52331562696,1755.73770159475,4.4,467.175942427117,1.02,0.388218902638643,368.102367814835,39.6205871166992,-0.432299353340484
1965-10-01,1000.07957350031,1327.03646741868,1392.47473112965,1756.54252509604,4.1,466.566619577973,1.0425,0.682749308385238,369.826031591969,40.2728521197175,-0.49631222900391
1966-01-01,1002.23810824765,1332.55980557785,1393.44040879047,1756.67530438803,3.9,466.649177786195,1.14,0.64487659552674,371.181442539643,41.0876739068568,-0.415595455539875
1966-04-01,1002.31798754541,1330.03246084463,1394.31710505315,1756.92562859215,3.8,467.883969506799,1.2275,0.81128511423576,370.487582719854,40.5723826899618,-0.254639015317343
1966-07-01,1002.85330415104,1329.81019806941,1394.4548068208,1756.90397254702,3.8,468.230245580505,1.3525,0.962755644926051,370.814272029478,40.8086007886122,-0.0749838616814385
1966-10-01,1003.36382370012,1329.93976477682,1394.56612424293,1756.7943436945,3.7,467.799705565419,1.39,0.83487419766589,371.43035064541,41.7424350735834,-0.0609440118446426
1967-01-01,1004.0026916675,1327.08313124084,1395.40479247658,1755.6349337672,3.8,467.864948370636,1.205,0.414837757856979,372.216915197858,43.6909781963142,-0.25757348895385
1967-04-01,1003.81495557795,1325.70253806477,1396.21011320729,1755.88947080779,3.8,468.542941551726,0.9975,0.50945277099215,372.586208771147,44.8020855821347,-0.382361560807184
1967-07-01,1004.477007737,1326.76379235078,1396.47612524473,1756.29190448404,3.8,468.518645791217,0.9725,0.95292051700642,373.095666052603,44.3926435800368,-0.642674412657884
1967-10-01,1004.9490846656,1328.42400206805,1396.55058733537,1756.78932067612,3.9,468.631975538911,1.0425,1.10649740547192,373.382891889743,45.2958314633034,-0.571411853595526
1968-01-01,1006.75602742733,1331.01526257588,1398.15812823641,1756.11580445964,3.7,468.035104176622,1.1975,1.09957073357216,375.593044136355,46.7545595754914,-0.331278130595262
1968-04-01,1008.18429210602,1333.60858897657,1399.38659264884,1757.1281742876,3.6,467.632780307342,1.495,1.05171872138675,376.521529985615,47.3810312375526,-0.218425927436142
1968-07-01,1008.68502338385,1332.9442585324,1400.48553109442,1756.83670040637,3.5,468.570829406746,1.4875,0.974771044758464,376.565529291599,47.2133152557442,-0.225990901206422
1968-10-01,1008.80565818706,1333.45475737717,1400.60616589763,1756.87614093373,3.4,469.409220960732,1.48,1.40200995359828,376.322132748206,46.7116901931072,-0.338604294549158
1969-01-01,1010.15184030353,1337.86631360274,1401.35414084634,1757.36565669248,3.4,468.7927552201,1.6425,1.02636544456265,377.115044654673,46.5543456644483,-0.26090181125093
1969-04-01,1010.22974268349,1336.42327411635,1402.03025039406,1757.66051354156,3.4,470.101665094416,2.0825,1.26587086250314,376.294278241399,45.7976740226559,-0.0122602642983925
1969-07-01,1010.60609821056,1336.41575201271,1402.40660592113,1757.65452937284,3.6,470.777910024048,2.245,1.39495323782353,376.403330771436,45.5961424381042,0.0971016848034757
1969-10-01,1009.82316293286,1332.90360250621,1403.20161265383,1757.61102616229,3.6,472.16717317868,2.235,1.2805009149644,375.901167629431,45.3990226952964,-0.0472047152673403
1970-01-01,1009.42731877422,1329.29463052929,1403.77948602297,1757.09414619765,4.2,472.579352072642,2.1425,1.39597676878896,376.206021082196,46.5242214781566,0.00149042578615672
1970-04-01,1009.25778165255,1329.53242594638,1403.6099489013,1755.52124684699,4.8,471.230008218893,1.9725,1.38602680838045,377.656976724093,48.30918217176,0.14038359672778
1970-07-01,1009.83550784986,1329.70281960493,1404.3812860013,1754.83115698154,5.2,470.771750898642,1.6775,0.816971611441055,379.213525641571,49.6950478150098,-0.180622189341149
1970-10-01,1008.41410522294,1323.2594412801,1404.68571719731,1754.52982346418,5.8,471.229132335894,1.3925,1.31520755976917,378.289333954618,49.5757488712675,-0.337551113146824
1971-01-01,1010.7855948524,1333.86603442575,1404.35954805695,1754.22763854879,5.9,469.312841432135,0.965,1.50392316303084,381.20921668031,50.8253551774125,-0.532771912453405
1971-04-01,1011.03797632643,1336.07542551919,1404.8070515441,1754.12314748583,5.9,469.278014872513,1.1425,1.30535086197791,381.49172144786,50.8648007285114,-0.535753601188946
1971-07-01,1011.54892634315,1337.3585801453,1404.92737606412,1754.82332093917,6,468.772110846291,1.37,1.01381132096024,382.437142355109,53.0440426812391,-0.302950793460184
1971-10-01,1011.47609312798,1336.1251923181,1406.02187127942,1755.84473733884,5.9,469.949188202352,1.1875,0.83056594696471,381.566627818404,51.6056385237704,-0.238076411400682
1972-01-01,1013.05832836888,1340.01522228725,1406.43677808984,1756.98769772587,5.8,469.93233055626,0.8875,1.50857056686937,383.118164558352,51.9908480677986,-0.571690485530311
1972-04-01,1015.06600816497,1344.27863682575,1407.85564362341,1757.35506134516,5.7,468.750564346168,1.075,0.620855881010772,385.072190485154,52.6898482174537,-0.48728966845321
1972-07-01,1015.74706390013,1346.06876123033,1408.92962717256,1757.57916606336,5.6,468.888740443951,1.185,0.953513257533508,385.648915362535,53.2988231843483,-0.487631034517099
1972-10-01,1017.14514941218,1347.83381963127,1410.32771268461,1758.22240571167,5.4,469.300340985674,1.2875,1.26428154285771,386.495236203513,54.1906507706145,-0.463144458509351
1973-01-01,1019.37288473828,1352.94984237225,1411.17339244885,1759.14998371201,4.9,469.086699116438,1.635,1.14607347528092,388.734089278265,55.2628736723318,-0.210467194124566
1973-04-01,1020.2332092194,1354.51938968432,1411.83471188917,1759.7394900355,4.9,469.330696502576,1.955,1.52544296691913,388.777129562585,54.6738442562782,0.0641262654448749
1973-07-01,1019.45887730336,1350.87747777061,1412.2485127618,1759.85025997897,4.8,470.708377867026,2.64,1.93109449130873,387.832143375513,53.6780791723704,0.262224822188372
1973-10-01,1020.15901423158,1352.30225555091,1412.35634785971,1760.37970647958,4.8,471.009920533437,2.5,1.97218758103861,387.205481298181,53.9565868293396,0.601392030115815
1974-01-01,1019.09195937327,1346.80643267249,1412.86103459094,1759.95479414156,5.1,471.266788379039,2.33,1.86928519822135,386.963728893171,53.1677360759743,0.361584585610269
1974-04-01,1019.11446246754,1347.20558404631,1413.46662971629,1759.59566613867,5.2,470.539186508295,2.8125,2.33505882948306,386.660714189766,53.9450370087878,0.514876450883785
1974-07-01,1017.91096954955,1344.10450098241,1413.22746442548,1759.19209877464,5.6,471.429509531945,3.0225,2.88758528644247,385.627771031252,52.3243066463871,0.930656479444875
1974-10-01,1017.26364416067,1341.13148937711,1412.38801601882,1757.23238309136,6.6,470.260100949986,2.3375,2.89792702413055,386.518293858233,53.7226721605772,0.636582255527993
1975-01-01,1015.83623020118,1330.68156625834,1412.4873492724,1755.13354305305,8.3,469.253003706684,1.575,2.24767595478826,387.261667504905,56.1676551898898,-0.0709362634643091
1975-04-01,1016.30787448214,1329.85729607505,1413.52556730693,1754.97112830032,8.9,468.261829895095,1.355,1.47650713996793,388.842679157296,57.2199580524559,-0.498823367754128
1975-07-01,1017.70960552565,1335.93078957532,1413.98121750002,1755.93853339142,8.5,467.284425543107,1.54,1.75148753343207,390.05777577434,56.8144415135696,-0.522236459952895
1975-10-01,1018.78767092871,1338.24598415863,1414.67833006141,1756.63010462014,8.3,467.377317494598,1.3525,1.65920056530668,390.166959334865,55.7238035374924,-0.62464368423712
1976-01-01,1020.79898682182,1345.44808601193,1415.92335867996,1758.26110411976,7.7,466.677598728037,1.2075,1.05111691981245,391.639344114568,55.8293571763275,-0.624163652524657
1976-04-01,1021.31757052505,1348.65397154028,1416.4419423832,1758.0225050897,7.6,466.51429743763,1.3,1.00173159823343,392.559054864968,56.6579664420198,-0.582540629974499
1976-07-01,1021.60695331642,1348.94335433165,1417.49761244912,1758.26809609601,7.7,466.972333085705,1.32,1.28331405992043,392.799477493785,56.576128885466,-0.670216291996014
1976-10-01,1022.06313351375,1350.15425509252,1418.14445047351,1758.48770798152,7.8,466.969591118527,1.2175,1.77811731175605,393.092326492863,57.564006358933,-0.535584598171345
1977-01-01,1023.00537430379,1353.69404452288,1419.08669126355,1759.23194125755,7.5,466.809512783186,1.165,1.59727116942966,393.733981341194,58.2330178654866,-0.631611486357898
1977-04-01,1024.68999362413,1358.62219141854,1419.62187264131,1760.41065007967,7.1,466.805850852615,1.29,1.40036613532893,394.142645579739,57.5785113407657,-0.538720039536413
1977-07-01,1026.196586942,1361.88629921855,1420.35476770896,1760.71872157353,6.9,466.386589953061,1.455,1.20831992588002,395.185891392535,59.3528504262092,-0.464538446419149
1977-10-01,1025.91670011338,1361.95423882757,1421.04107197152,1761.79455657208,6.7,467.659107683881,1.6275,2.1376840427285,393.895700666823,58.0857294917458,-0.340957864893791
1978-01-01,1026.00074844611,1361.69046072267,1422.08206540587,1761.51360884848,6.3,469.055374300215,1.69,1.44520811843833,393.942414177609,59.0002219935865,-0.412393150986247
1978-04-01,1029.53944960454,1367.97847593912,1423.30852482222,1763.83396425987,6,467.007058163957,1.82,1.89407693072512,395.900200662214,58.9542645115949,-0.351100630159021
1978-07-01,1030.24649945087,1369.02393558388,1423.62494917184,1763.7257056173,6,466.959536595582,2.025,1.68146421056625,395.957430728637,59.0063536206909,-0.355904568622374
1978-10-01,1031.29114808315,1370.74198743428,1424.08078354159,1764.25156306283,5.9,466.786623516778,2.395,2.02681807039983,396.607548974773,58.8132348070119,-0.0272839884441417
1979-01-01,1031.21475515408,1369.99219128708,1424.78870835863,1764.46494979433,5.9,468.621187761452,2.5175,1.80515179998534,395.693900804898,58.5401679515168,-0.207246182470529
1979-04-01,1031.06179399634,1369.1612614308,1425.2199747633,1763.83930243508,5.7,468.315951236461,2.545,2.42157911822183,395.508249488859,59.8153023154365,-0.17943878597316
1979-07-01,1031.50009991785,1368.91697084527,1426.23911484439,1764.50896924939,5.9,468.562733733879,2.7375,2.16049033483853,395.379814556077,58.4516866198269,-0.0728192656697397
1979-10-01,1031.44044393225,1366.43085265971,1427.14008103934,1764.77461381944,6,469.251216955444,3.395,1.83973651397161,395.258896717481,58.2843388867724,0.161026428828547
1980-01-01,1031.47359054,1365.40578833441,1427.93513609473,1763.74350150179,6.3,469.026725878816,3.7625,2.07909757601151,395.732136605543,60.3660354207352,0.330775025007401
1980-04-01,1029.11280757317,1355.68874864988,1426.70644069035,1761.61268582555,7.3,469.937654330463,3.1725,2.35105351388861,394.681083091381,59.7314422966346,0.140365162091851
1980-07-01,1028.69456053812,1351.37895998986,1427.40760832962,1761.5380334951,7.7,470.479195857979,2.46,2.21038813334693,395.076283374408,59.2324948937345,-0.324014495995181
1980-10-01,1030.26998189785,1357.60638291308,1428.05105649447,1762.29951503298,7.4,469.936767054444,3.9625,2.5721915833874,396.085126411007,58.264401971317,0.291430519399972
1981-01-01,1032.00574403764,1364.14898535697,1428.0870609974,1763.15362544539,7.4,467.832332288807,4.1425,2.59895393900476,397.612393083467,59.4520744272096,0.183118942323251
1981-04-01,1031.0351681558,1360.24779681658,1428.06435951101,1762.25328137219,7.4,468.834031186409,4.445,1.96311535839232,396.313428325169,58.4417357619719,0.205385305463936
1981-07-01,1031.95298576821,1364.09622708754,1427.65262287529,1761.36124747149,7.4,468.028773774866,4.395,1.86323341142121,397.249702766974,60.5819893153289,0.185068735570357
1981-10-01,1030.59815846993,1359.43834722162,1427.62734982515,1760.75438932709,8.2,468.907567854924,3.3975,1.71343590394666,396.193634812017,60.1282813350719,-0.23061390936605
1982-01-01,1028.82055874995,1352.68840396639,1427.53360654145,1759.657550664,8.8,470.733027707367,3.5575,1.36736397605554,395.705373080245,60.6308165991887,-0.0239534477030934
1982-04-01,1029.05510514637,1352.13554471972,1427.58245186315,1759.97787151537,9.4,470.20171247032,3.6275,1.29153848101831,395.726402167373,59.8951717613371,-0.0734561045081563
1982-07-01,1028.41475417253,1350.70153878631,1428.23482433945,1759.68429210874,9.9,470.344968835239,2.7525,1.40855999769343,395.900200662214,59.2272078110996,-0.343308586533573
1982-10-01,1028.20952064744,1345.59736654119,1429.48681150027,1758.87288103888,10.7,469.853327937964,2.3225,1.02954801336568,396.734417701611,59.4187380080813,-0.0696472060507181
1983-01-01,1029.3161974738,1347.12158050859,1430.23116908968,1759.17048194871,10.4,469.150213617323,2.1625,0.751366251716771,398.027960593413,59.0393852271375,-0.369751277832109
1983-04-01,1031.36084721805,1354.4412867914,1431.72986661345,1760.64296616553,10.1,467.486491783982,2.2,0.741821152056053,400.171744644684,58.7059047817727,-0.550684375618928
1983-07-01,1033.09424368692,1358.51854055747,1433.28061462971,1762.47388585063,9.4,466.112248935512,2.365,1.05669646317569,400.631448471507,57.5237873568831,-0.570070772522173
1983-10-01,1034.92305071429,1365.61172093338,1434.19114155885,1763.24987578559,8.5,466.179522913618,2.3575,0.755746955145701,401.168732854109,57.6672781673211,-0.602262280698197
1984-01-01,1036.66868346285,1372.35839573941,1434.44975805946,1764.32396971312,7.9,466.655596124306,2.4225,1.00716258120932,401.549974789887,58.4871862803884,-0.548516708372684
1984-04-01,1038.18003151217,1374.56419102401,1435.58587114693,1765.82383531234,7.4,466.24122771796,2.64,0.850939063257228,402.139745446604,59.3524824778678,-0.641804605289999
1984-07-01,1038.89338279627,1375.27754230811,1436.11107562106,1765.11609886836,7.4,466.412328322678,2.8475,0.885195868972468,402.579801968699,59.7596586934322,-0.44436772026715
1984-10-01,1039.4702130653,1374.46062179276,1437.06384618248,1765.4648594211,7.3,466.589559251321,2.3175,0.744809033844151,402.690405662007,60.1507752406405,-0.55015680080131
1985-01-01,1040.24733614979,1372.75093821945,1438.40224295747,1766.04426242677,7.2,466.426114010398,2.12,0.983910253991406,402.987714966737,61.3128885933267,-0.683328023346329
1985-04-01,1040.912976561,1374.13342757852,1439.25427671248,1765.49726965875,7.3,466.459191909151,1.98,0.642021244472517,403.294776735678,60.9348224793951,-0.734715266562158
1985-07-01,1042.17157098189,1374.31481230122,1440.51287113337,1766.11782307766,7.2,465.933245769,1.975,0.601373232570793,404.557439785267,61.6667272834192,-0.625788750226708
1985-10-01,1042.66171707583,1375.52438595856,1441.37476486732,1766.22328176105,7,467.184151147519,2.025,0.557795062605367,404.959123903492,61.3230123394373,-0.529838134742385
1986-01-01,1043.39393174373,1376.25660062646,1442.29233640016,1766.37048813722,7,466.911992433476,1.9575,0.496836866730963,406.140806197584,62.2639528798664,-0.314288622448249
1986-04-01,1043.63192565647,1376.13552772613,1442.15927237325,1766.24400852597,7.2,467.20239033629,1.73,0.377321468417185,406.926604184556,63.1137886157321,-0.189605839189468
1986-07-01,1044.33669966929,1376.84030173894,1442.49160647696,1766.17817269218,7,467.876723786299,1.5525,0.410006149003744,407.354643958482,63.2080867845695,-0.139884097480217
1986-10-01,1044.63349623249,1376.4150735048,1443.34654402398,1766.64761411762,6.8,469.029412017,1.5675,0.542288060819153,407.14682158878,62.9602490458692,-0.229666959444469
1987-01-01,1045.18112527222,1375.86979549131,1444.63354796621,1767.60465523088,6.6,469.354795791764,1.555,0.633408992681104,406.685345416016,61.8721005650265,-0.236661683509673
1987-04-01,1046.04426611443,1376.73293633352,1445.68068150062,1768.00539664163,6.3,468.857353546378,1.6625,0.69109019698151,407.352942250818,62.951985743549,-0.331810782003584
1987-07-01,1046.66114655132,1377.34981677041,1446.29756193751,1768.30174911182,6,469.076855231496,1.71,0.752800221065672,407.36655510137,63.2880079163931,-0.520456772476478
1987-10-01,1048.11677632874,1380.97944521147,1446.82982412023,1769.02011155136,5.8,468.959548963651,1.73,0.794014270834749,408.345212105568,63.448450461326,0.713058420979147
1988-01-01,1048.43335197589,1378.75504930609,1448.06976736208,1768.43861674337,5.7,469.654213221251,1.665,0.780876056921196,408.698420781581,64.8951681777258,-0.0351504193017578
1988-04-01,1049.52939054344,1379.48276333201,1448.98181323743,1769.24826915628,5.5,469.696024634597,1.79,0.969301853850213,408.958324512039,65.1913923961525,-0.192170190127764
1988-07-01,1049.85256399858,1378.3189205392,1450.22158339397,1769.18942946521,5.5,469.495704946526,1.995,1.18761613725149,409.217554493726,65.5987778043471,-0.209587008008829
1988-10-01,1050.92778418778,1379.76797293946,1450.93117246287,1769.97532711104,5.3,468.860941119027,2.1175,0.86026002783398,409.452787875193,65.6166191481376,-0.304447528611683
1989-01-01,1051.74021138789,1381.32389798833,1451.56028155481,1770.74326076478,5.2,468.577125588114,2.36,1.03817219141961,409.502766218952,65.2940288344771,-0.22818422733009
1989-04-01,1052.2745967684,1380.36571834717,1452.09466693532,1770.94033363263,5.2,467.444655726147,2.4325,1.05857621807036,409.810415276325,64.7953075391293,-0.0998247003047035
1989-07-01,1052.73650375826,1380.07290477349,1452.55657392518,1770.77498046603,5.2,467.16043522764,2.27,0.72822380222808,410.285821798731,65.3505781961497,-0.1402622757948
1989-10-01,1052.66145483893,1378.08575170948,1453.57642645481,1770.52439944341,5.4,468.056805369369,2.1525,0.710065983303121,410.297388892016,65.1264201983765,0.0177292044721114
1990-01-01,1053.52113548586,1379.33078928801,1454.07247033741,1771.19146939395,5.3,468.089348330885,2.0625,1.07247799742413,411.228270735311,65.3412334610955,-0.174680336597704
1990-04-01,1053.57163181267,1377.04654921511,1454.66792714097,1770.24552474639,5.3,468.349311468669,2.06,1.11314873340305,411.915098947355,65.4886554547064,-0.260501424398616
1990-07-01,1053.28692464237,1374.37128995946,1455.4643115811,1769.24853015791,5.7,468.494344126433,2.04,0.85416924308987,412.228393091134,65.5210370920119,-0.0238143992412334
1990-10-01,1052.01855609327,1368.98711416101,1455.26547194367,1768.6468522405,6.1,469.378889274593,1.935,0.741459516996567,411.18733645064,65.4089478950053,-0.0666881884616655
1991-01-01,1051.24103778417,1365.22429953695,1454.48795363457,1767.57697611165,6.6,468.740687315195,1.6075,0.974502511286038,411.494752276094,65.8136411562582,-0.273026398173994
1991-04-01,1051.69961104359,1364.81330209961,1454.94652689399,1767.08165063815,6.8,468.504245517587,1.465,0.731942140119281,413.111034141242,66.4617562584106,-0.437270755381158
1991-07-01,1051.84839845386,1365.83166020664,1454.74007414383,1767.11333067147,6.9,468.184204856221,1.41,0.778107602098561,413.963655141381,66.2767415317729,-0.565200531412921
1991-10-01,1051.85380473597,1366.26903260319,1454.74548042593,1766.3350020098,7.1,468.697576123581,1.205,0.591673046630617,414.432449452712,66.0887936471343,-0.492916021729382
1992-01-01,1052.74989942612,1365.42595302216,1456.35079794704,1766.55167736903,7.4,469.098331549464,1.005,0.371024497124796,416.394835816781,68.6536002220515,-0.671266918787659
1992-04-01,1053.49454822632,1368.76815046269,1456.91861204156,1766.69791199249,7.6,468.771213168136,0.9425,0.599435248085762,417.241609764226,68.3073846924926,-0.697639658245816
1992-07-01,1054.10955957553,1369.3831618119,1457.71045809644,1766.5187442345,7.6,468.530344486826,0.815,0.487653543662384,418.134760584367,68.448791520605,-0.621523843454925
1992-10-01,1054.80220531754,1370.92687652069,1458.57962639091,1766.57569758533,7.4,467.710834404607,0.76,0.685814946945404,418.731868222888,68.2662852888182,-0.684236568003127
1993-01-01,1054.67352038086,1372.06136627461,1458.62715295357,1766.82040425391,7.1,467.139451070602,0.76,0.559641293494124,417.867039191107,66.4726205356444,-0.575805770942612
1993-04-01,1054.94907132873,1373.17025537839,1459.07860544195,1767.45514319319,7.1,467.904798029272,0.75,0.592936178477662,417.287843987621,65.9772020319327,-0.54897868455433
1993-07-01,1055.08525404409,1372.89063707889,1459.56566571029,1767.4399176072,6.8,467.216979292476,0.765,0.592336226670737,417.715267340942,65.036624811108,-0.571412617917607
1993-10-01,1056.11629837878,1376.39094267261,1460.06993095149,1768.05622195243,6.6,467.007058163957,0.7475,0.544228850574478,418.102671835783,65.9640473803573,-0.589903656761396
1994-01-01,1056.81323726234,1379.49763671407,1460.59065833571,1768.05160972873,6.6,465.793696462815,0.8025,0.476827421892734,418.386528816051,65.0309064526582,-0.549014308967269
1994-04-01,1057.86744077191,1382.90488996467,1461.11435662231,1768.97091827041,6.2,466.079056056923,0.985,0.481694434247392,418.474878809612,64.8918844570621,-0.596432625294993
1994-07-01,1058.1267255965,1381.60164299894,1461.55078941173,1769.51300844768,6,465.994179722176,1.1225,0.571584499685798,417.908391567543,64.7271701175865,-0.635648837418411
1994-10-01,1058.96101181591,1384.77066561806,1462.03046533048,1769.89834448458,5.6,465.208430286957,1.2925,0.541546920089401,418.95183690917,65.5202475929795,-0.56036370211373
1995-01-01,1059.04657439505,1384.4708712656,1462.29349024546,1769.40429331117,5.5,465.315350845878,1.4525,0.541435067367926,419.026061905193,65.734891548111,-0.549922374456028
1995-04-01,1059.06166607705,1382.92951129349,1463.01529864976,1768.22662678817,5.7,465.247492787454,1.505,0.478516674717908,419.49136171438,66.7622299706336,-0.345744964462944
1995-07-01,1059.58594326283,1383.06086066528,1463.3633643362,1768.93037154289,5.7,465.473198212425,1.45,0.491517799280453,419.482318078832,66.9318972475532,-0.376983582336585
1995-10-01,1059.95554636071,1384.21478150926,1463.55644488162,1768.55901927126,5.6,465.488969254042,1.43,0.480820120299481,420.032488575933,67.1585241475338,-0.324568658491826
1996-01-01,1060.45284952152,1384.71208467007,1464.40648209423,1768.42308271177,5.5,465.633575736475,1.34,0.479895013331531,420.651185909285,68.8141470664232,-0.232183661236771
1996-04-01,1061.82249773389,1388.01602916675,1465.24656154912,1769.0259204395,5.5,465.197266769321,1.31,0.413232238006469,421.619339538473,68.0858243564092,-0.467540192204891
1996-07-01,1062.3909375231,1390.10541082231,1465.81500133833,1769.62849359882,5.3,465.244703114822,1.3275,0.326902719636984,421.980177957905,68.0390980057472,-0.389613150872496
1996-10-01,1063.10603141111,1389.68197248781,1466.53009522635,1769.74336605052,5.3,465.218662416784,1.32,0.532513805106181,422.069817275889,68.4758266911346,-0.381382317919691
1997-01-01,1063.48453208598,1391.57565366475,1466.90859590122,1770.36801185257,5.2,465.987718790045,1.32,0.594526436142637,421.856608552085,67.9033303778166,-0.318796334948099
1997-04-01,1064.84678817361,1394.05941683439,1467.38195724712,1770.39883827928,5,465.100464043839,1.38,0.202333649657537,423.319304404091,68.7310849534636,-0.309679848844781
1997-07-01,1065.75887124331,1395.71224403187,1468.47245249617,1770.65053623443,4.9,464.92523634286,1.3825,0.432965138312409,424.134114095644,69.8470437672325,-0.241332872086164
1997-10-01,1066.30075084603,1396.62244817623,1469.192426536,1770.69980584887,4.7,465.996948565307,1.3775,0.328178770054216,424.624986593525,69.6765113374295,0.0162605162337332
1998-01-01,1067.03962166581,1398.82119893812,1469.93129735578,1770.63697026226,4.6,467.023502677465,1.38,0.146995964035658,425.521546780749,70.4395083993676,-0.229033108179504
1998-04-01,1067.68774207723,1399.10634254448,1470.93465792763,1770.52342092468,4.4,467.664553862027,1.375,0.234745022768916,426.073432370738,71.6237911230736,-0.170559611040008
1998-07-01,1068.62011764551,1400.76335896484,1471.68957116008,1770.47428060346,4.5,467.632780307342,1.3825,0.429382044758787,427.395411151258,72.6590777699415,0.394967264310839
1998-10-01,1069.92138843435,1403.85358622876,1472.45655750787,1771.3714715288,4.4,467.500130193401,1.215,0.274210492459414,428.168129972501,72.2807094145867,0.134620214645845
1999-01-01,1070.60943360048,1405.2483481172,1473.32301485335,1771.05470143412,4.3,467.809675971449,1.1825,0.319624119742421,429.533793289173,73.9405223986429,0.0852544488065129
1999-04-01,1071.16584096649,1405.8047554832,1474.41275681689,1771.00497100049,4.3,467.563751521415,1.1875,0.377738888315602,429.882164057229,73.6631083168937,-0.0705623213107963
1999-07-01,1072.16360982589,1407.15401855335,1475.41052567629,1771.01746060596,4.2,467.208773266513,1.2725,0.355375255166256,430.827244608522,73.9466152874065,-0.11952578639994
1999-10-01,1073.49173208961,1408.83240387219,1476.91579590485,1771.31583229411,4.1,467.254353780721,1.3275,0.550886464444451,432.264811115438,75.2445633152323,-0.112638566255823
2000-01-01,1073.60270419478,1409.29241647134,1477.73223830801,1772.50555518528,4,470.456248742155,1.42,0.66173849885101,431.921994638107,75.1596183959405,0.0822247788111602
2000-04-01,1075.15850930939,1412.23232672713,1478.93593038276,1772.26898947809,3.9,468.350212942127,1.5675,0.621408285882788,433.80747471447,76.2056456829856,0.316678479436579
2000-07-01,1074.98707089949,1411.02460961368,1479.81713327156,1771.80918721417,4,469.741374697841,1.63,0.584354837684956,433.777428403735,76.4806916452416,0.116376730130633
2000-10-01,1075.31469081117,1410.65536259375,1480.4931855915,1771.8268188678,3.9,468.944315920463,1.6175,0.541571622697138,434.753870421521,77.7130702521495,0.512313146752812
2001-01-01,1074.76161102709,1406.90485234642,1480.63334948498,1771.25768663472,4.2,471.152901132612,1.3975,0.653613656176597,434.241484506017,77.7528109467442,0.546808249052802
2001-04-01,1075.14566161874,1405.83433183784,1480.84453918658,1769.99277492806,4.4,469.438651742867,1.0825,0.602946057443834,435.958928955495,78.6858963155243,0.221093641593396
2001-07-01,1074.48391977458,1404.43729256314,1480.52822082922,1769.26390846889,4.8,468.886947172307,0.875,0.39203702538536,436.542712192462,78.9024339668784,0.251001302942955
2001-10-01,1074.50547382143,1402.97183036206,1480.54977487608,1768.24614970395,5.5,468.362832717331,0.5325,0.310782134927978,437.778013102645,79.7858458289762,-0.110185575758164
2002-01-01,1075.11353516876,1403.95372392044,1480.98527362666,1768.17857433528,5.7,466.76830833069,0.4325,0.322241785791248,439.819521583547,80.9555485405419,-0.361864980798013
2002-04-01,1075.50477448384,1404.34496323552,1481.89330995757,1768.52549891056,5.8,467.033550771305,0.4375,0.345967472006176,440.007527365111,80.8705581960834,-0.213910526337777
2002-07-01,1075.65402506057,1404.12038160119,1482.04256053431,1768.69820921971,5.7,466.533577200824,0.435,0.480381276362832,440.741412773011,81.4718646653099,0.392699564000937
2002-10-01,1075.54104153775,1403.25551483697,1482.61451119604,1767.79674568429,5.9,466.509706469899,0.36,0.572447973164737,440.64631169047,81.415325091497,0.219214874368997
2003-01-01,1075.84771838337,1402.42365946007,1483.60146277394,1767.87374907707,5.9,465.704875006595,0.3125,0.497303738074395,441.611400241802,81.4015185755354,0.103832126390025
2003-04-01,1076.51531297463,1403.47220689301,1484.09942204039,1767.90365521448,6.1,465.919391963569,0.3125,0.344339130667685,442.919643915027,82.568327243688,-0.199229098744371
2003-07-01,1077.92062586452,1406.38698240514,1484.99409552282,1767.42265829704,6.1,464.908443104897,0.255,0.566848251175367,445.088783082535,83.7281987780916,-0.519660341418043
2003-10-01,1078.82876173189,1408.41244833232,1485.38897106754,1767.90105981945,5.8,465.037119250433,0.25,0.614082434482721,446.029469166291,83.1863211673331,-0.636209387406537
2004-01-01,1079.20575918097,1408.7894457814,1486.27922883927,1767.95208160974,5.7,464.206206178527,0.25,0.704544155128972,445.773689390836,83.1142734686291,-0.577322624156593
2004-04-01,1079.76349197246,1411.18209243971,1486.66616739624,1767.76717211519,5.6,464.579473920079,0.2525,0.800175225849679,446.789464994121,84.0649019585365,-0.645311370474225
2004-07-01,1080.45225045188,1412.23382772419,1487.35492587566,1767.83759240336,5.4,465.291187501553,0.3575,0.640026701390711,447.20387133849,84.8569853863103,-0.526437827439891
2004-10-01,1081.22097149103,1414.08364037377,1488.29444114933,1768.04482284383,5.4,464.301061906332,0.4875,0.770125878826526,447.698447968832,85.4275298695094,-0.435528067319979
2005-01-01,1082.11373604479,1416.0459338392,1488.67394538044,1767.98082093379,5.3,462.992408603899,0.6175,0.793161866482948,448.845657828973,85.7221303573131,-0.416861969957805
2005-04-01,1082.38499837803,1415.60544939555,1489.45846803633,1768.70135093093,5.1,462.968628635082,0.735,0.724928982175212,448.645421528311,85.9156443347992,-0.308463445186217
2005-07-01,1082.91343793343,1416.4903955674,1490.15741061684,1768.86891945172,5,462.603610812843,0.865,0.905376677631344,449.251647283612,85.9402009721359,-0.343569481445829
2005-10-01,1083.22798136332,1417.51416182824,1490.81209042908,1769.03403060201,5,462.283243311924,0.995,0.805857278717566,449.345619635809,85.5771123905551,-0.237212906188452
2006-01-01,1084.34948110276,1418.98839561948,1491.08107008618,1769.60599173328,4.7,462.885830234927,1.115,0.701938830480382,450.095346039738,86.2180634411143,-0.246687303273628
2006-04-01,1084.36901044566,1417.94596807963,1491.61298312906,1769.79613208165,4.6,462.260252163415,1.2275,0.88277389730607,449.920949025823,85.1922231257018,-0.158516927842084
2006-07-01,1084.2615518313,1417.12422071404,1492.01529622188,1770.00524467819,4.6,462.242047087981,1.3125,0.695354574494256,449.688317008042,84.4915969254966,-0.174450528270028
2006-10-01,1084.84629182702,1415.90059316642,1492.26047731748,1770.61086431334,4.4,463.096973338992,1.3125,0.373358731017589,450.369101703824,84.7190057854484,-0.220853716879243
2007-01-01,1084.91817347795,1414.50186007839,1492.84126591916,1770.50568491247,4.5,464.490503859658,1.315,0.954024062485033,450.512883180787,84.4691576332372,-0.104949364876534
2007-04-01,1085.33097676191,1414.54360542269,1492.91508582766,1770.30223106677,4.5,463.435582142908,1.3125,0.66633632693693,450.788806318154,83.9616640877456,-0.200739001376401
2007-07-01,1085.67271881885,1413.76384039761,1493.59581126005,1769.9335299057,4.7,462.513820190885,1.2675,0.517839613164952,451.809698890582,83.6859201987256,0.0789950701227322
2007-10-01,1086.02674235403,1412.2202737869,1494.45616499089,1769.39035172332,4.8,462.665652955764,1.125,0.423065164463004,452.631094440888,84.3165243790098,0.142563009241631
2008-01-01,1085.398645574,1408.08304502574,1495.16588080548,1768.9646330549,5,464.096211197122,0.795,0.35083626919729,452.005882101372,83.0983551695429,0.286408584248548
2008-04-01,1085.75171309106,1406.83607840815,1496.01604959473,1768.37978637039,5.3,462.711443996784,0.5225,0.505898781127313,453.071600006314,83.208861843944,-0.0419775298168746
2008-07-01,1084.97835888966,1403.61362220593,1495.90167636125,1767.30801469592,6,462.558725579808,0.485,0.751445563807599,453.344859492988,83.805498391085,0.426851373720605
2008-10-01,1082.53825511301,1394.77474756175,1493.4615725846,1765.05708574413,6.9,464.173314378156,0.1275,0.236960696434463,453.059749048258,83.7986704596082,1.28986472800186
2009-01-01,1081.16251376539,1385.61475753773,1492.41370038314,1762.41167163745,8.3,460.474844306219,0.045,-0.0494520824669405,453.977796722104,84.8898887031741,0.686628476872826
2009-04-01,1080.78676333844,1379.85873651149,1492.36474763266,1761.07827821638,9.3,461.440622755314,0.045,-0.174856525301668,456.15003903287,87.4999088328555,0.10856905868396
2009-07-01,1080.91823451969,1379.99020769273,1492.98442157364,1759.74158163486,9.6,460.578176283984,0.04,0.107478172258849,457.616353128504,87.3823104885192,-0.288154247587144
2009-10-01,1081.74956812527,1383.79205673971,1493.49055164058,1759.37013961196,9.9,459.565613528633,0.03,0.329091196539929,459.057418068068,88.0286440388543,-0.431962132015089
2010-01-01,1082.04980253346,1385.0631725606,1493.95352001471,1760.29170346502,9.8,457.887253841563,0.0325,0.271498597007167,459.311784746392,87.0859162649346,-0.632006243300737
2010-04-01,1082.82225311929,1388.69296039083,1494.23697207112,1760.92168100081,9.6,458.28681485661,0.0475,0.486639292016521,459.567525142629,86.5059580378454,-0.205158460210409
2010-07-01,1083.37995257725,1391.57094955676,1494.46733899458,1761.18034399713,9.5,457.999291946234,0.0475,0.301653078318997,460.282744390961,87.1292048533655,-0.213919395667483
2010-10-01,1083.68123769661,1390.95056916562,1494.93242431436,1761.04042320287,9.5,457.559422496238,0.0475,0.584070257391987,460.553012120364,86.5917794634181,-0.366567094222432
2011-01-01,1083.26155332118,1390.06684683454,1495.48994641231,1760.81061166858,9,459.611862219488,0.04,0.514955410019283,459.831675478708,86.0910571224887,-0.479347204275877
2011-04-01,1083.75592617054,1391.94692315004,1495.82211322448,1761.02992724087,9.1,458.14116003273,0.0225,0.658358535329238,459.809521731613,85.6610710260899,-0.494851441198684
2011-07-01,1083.50412110762,1391.69511808712,1495.89445755398,1761.29902826198,9,458.630158562149,0.02,0.616532291096651,459.548342039855,85.4278745395901,0.279976834164808
2011-10-01,1084.41196157964,1397.08801517568,1495.98994587386,1761.95139953671,8.6,456.295226592845,0.0175,0.120622996851301,460.124248265011,85.9898365428539,0.136566020977766
2012-01-01,1085.04820619853,1399.0314679513,1496.29939281628,1762.75587806709,8.3,457.782103993355,0.025,0.604969854506323,460.52001855381,86.9620813431876,-0.313511301996731
2012-04-01,1085.32517444678,1400.17051050395,1496.24849191837,1762.61533698448,8.2,457.377499185516,0.0375,0.40195807438978,460.990894033527,86.9919185312849,-0.0748729220500946
2012-07-01,1085.29035348421,1399.70558135144,1496.04933238142,1762.90342685354,8,457.088354981288,0.035,0.517148539565187,460.769699092596,86.3026765669687,-0.288944619020301
2012-10-01,1085.19356492093,1399.60879278816,1496.11688239252,1763.02278740707,7.8,459.677754247462,0.04,0.505554199649938,460.38393007531,86.2360667037768,-0.210201515253718
2013-01-01,1085.89605352854,1402.0207247317,1496.32554283607,1762.86947584271,7.7,457.463979154704,0.035,0.39924958546355,460.89032095772,86.1413134742425,-0.281547539029492
2013-04-01,1085.86527837923,1402.41278319334,1496.29476768676,1763.07473164021,7.5,458.279836246048,0.03,0.283360427345117,460.543015219395,86.0348311591985,-0.213768002258202
2013-07-01,1086.44456759054,1404.24995062534,1496.21180282202,1763.05381242893,7.2,457.072210813838,0.02,0.470163259001851,461.062527987103,86.2986534314574,-0.474536659741168
2013-10-01,1086.94061928121,1404.746002316,1496.87382965452,1763.02397565061,6.9,456.400934847931,0.0225,0.595830958363063,461.817525232296,86.8720944666775,-0.484307610190646
2014-01-01,1086.41013430469,1403.79798019844,1497.16911320191,1763.50652885765,6.7,458.969357110052,0.0175,0.415659349433368,460.776681183536,86.156033131815,-0.439625623920218
2014-04-01,1087.50237586363,1407.36968761869,1497.6012863577,1763.99461127016,6.2,457.066156079033,0.0225,0.564740660228733,461.636726408131,86.9581379437349,-0.505661780440491
2014-07-01,1088.4441797736,1408.71882406743,1498.21141500508,1764.24157491904,6.1,456.36537242789,0.0225,0.435659140546997,462.450211428758,87.433851566939,-0.465247620297052
2014-10-01,1088.67638091909,1409.35670528248,1498.77529141317,1764.84786949152,5.7,457.94228823945,0.025,0.166244686988006,461.915198350851,86.8844682067544,-0.295556436608121
2015-01-01,1089.31402640951,1411.60081102328,1498.91501056363,1764.98254289291,5.5,458.494952202761,0.0275,-0.0355319959755514,462.608004321617,87.6126913672549,-0.24718069095338
2015-04-01,1089.71281388376,1411.60039637058,1499.14727010597,1764.92784397159,5.4,458.51385231572,0.03,0.540257073446571,462.957007281163,88.1715122108832,-0.332783577374692
2015-07-01,1089.82382016701,1411.71140265384,1499.59105539849,1764.40610429297,5.1,458.671876549166,0.035,0.297616428315865,463.26686146899,87.7023354514714,-0.016395728664875
2015-10-01,1089.75723118503,1410.43755554842,1500.02156768871,1765.19280002805,5,459.118754847405,0.04,-0.00952526099935432,462.712735334013,86.9829193943873,-0.180565789069021
2016-01-01,1090.16715863697,1409.62547186689,1500.5966479445,1765.67453629896,4.9,458.976287768814,0.09,-0.0800480330916513,462.987255462843,87.6444461068412,0.0154454455497482
2016-04-01,1090.29054609842,1409.33818113307,1500.88491590496,1765.24725533121,4.9,458.531754391414,0.0925,0.703937244282956,462.989206644284,86.7350497990043,-0.116230733324275
2016-07-01,1090.68546592875,1409.32072924501,1501.2798357353,1765.35776905329,4.9,458.288808655894,0.1,0.276983610072037,463.432113807978,87.2402834329914,-0.233234795555069
2016-10-01,1090.98748971617,1410.85480147124,1501.58185952272,1765.12454564386,4.8,458.294789815244,0.1125,0.525385360366323,464.025736785977,87.5351966294157,-0.341536190483113
2017-01-01,1091.26491278149,1410.31254781614,1502.35229919882,1765.49856981439,4.6,458.858401193734,0.175,0.516099963031949,464.085581192311,87.9171638553576,-0.446212831946511
2017-04-01,1091.61242911969,1411.47974087476,1502.53574659128,1765.82017626498,4.4,459.298527513093,0.2375,0.310621538972595,463.991937831491,87.5011326843576,-0.36459751162789
2017-07-01,1092.25695022474,1412.93727458814,1502.68643953227,1766.0059683957,4.3,459.098979886396,0.2875,0.500741938444375,464.980888760647,88.274826142155,-0.364177181689934
2017-10-01,1093.09081254587,1414.17517786297,1503.5203018534,1765.79592660411,4.2,459.365612476739,0.3,0.686177154247404,465.422698127495,88.3162509080315,-0.463747591179892
2018-01-01,1093.65830639524,1414.74267171233,1504.08779570276,1766.48850279041,4,459.234360083265,0.3625,0.612004314175087,465.692737276093,88.2772651441183,-0.133777418772863
2018-04-01,1094.22082839636,1415.30519371346,1504.48516490004,1766.64808292395,3.9,458.445197987552,0.435,0.854371299284411,466.087921664618,88.0735748861018,-0.296277497919413
2018-07-01,1094.78372304763,1416.67130553445,1505.04805955131,1766.88036169169,3.8,458.794942494293,0.48,0.335918681378093,466.450456403319,89.0086794139262,-0.420302867993716
2018-10-01,1094.81890891735,1416.30568926442,1505.24839822488,1767.16014143921,3.8,458.947571912018,0.555,0.453642310963986,466.282569847625,88.9359618421163,0.119055880953688
2019-01-01,1095.25593956441,1417.14352205123,1505.35485005849,1766.74122293002,3.9,460.096675966579,0.6,0.386180619506556,467.110772803937,89.9684576409509,-0.0908334403613162
2019-04-01,1095.81131219991,1417.69889468673,1505.74452257323,1766.88238083589,3.6,458.910922463578,0.6,0.555989025315179,467.73513029481,90.6260315698503,-0.0866843770826599
2019-07-01,1096.5522298463,1418.43981233312,1506.15321400042,1767.33552820271,3.6,458.291799280287,0.5475,0.325718692839167,468.301972118534,91.275278187516,0.0753215379335532
2019-10-01,1096.84913500304,1416.71644675811,1506.61637023452,1767.21513438078,3.6,459.097002175201,0.41,0.366276411318569,468.881256092474,92.0943437471779,-0.249575294052174
2020-01-01,1095.56893433816,1414.61656937281,1505.16991849227,1764.33262117394,3.8,461.56322443593,0.315,0.401977739015629,468.768061556057,92.3144151130673,1.13478821382132
2020-04-01,1086.65282735992,1403.20033217403,1494.23693642568,1753.91535351122,13,464.301061906332,0.015,-0.375423896518616,472.760018554144,93.4341664356145,0.42210145801273
2020-07-01,1094.16241666279,1419.58671353334,1501.74652572855,1759.18255192498,8.8,460.052609945175,0.0225,0.861816017708833,474.330471789237,92.1285213694786,-0.00080207999449765
2020-10-01,1095.06837322577,1422.404774241,1502.65248229153,1761.23039215962,6.8,462.856310782823,0.0225,0.630624446837166,473.43194912772,93.2757136352173,-0.0850622257602335
2021-01-01,1096.61617343986,1423.95257445509,1504.20028250562,1762.0165742132,6.2,460.286427488219,0.02,1.23738646200722,474.265998377929,92.6822040111596,-0.309578385993552
2021-04-01,1098.26111646204,1425.21801038041,1506.6905390989,1762.78993546868,5.9,459.863395129971,0.0175,1.5399249792056,474.844768069171,92.7046118929441,-0.430076727722752
2021-07-01,1098.81530350716,1424.62495730931,1508.0829540193,1763.90434738828,5.1,460.525548807329,0.0225,1.50654692172504,474.085425993069,92.9419150266467,-0.360147521919756
2021-10-01,1100.40479424223,1430.35816703079,1508.49694843122,1765.26628845354,4.2,459.627601575781,0.02,1.65358750822229,474.825702953076,94.2992973711443,-0.339363584917746
2022-01-01,1099.93627654944,1432.07951786876,1508.3656991863,1766.43187941235,3.8,459.835914513447,0.03,2.00590745622337,473.269230906521,93.3946420059323,-0.12715481821517
2022-04-01,1099.68862741514,1428.90125607591,1508.62182945499,1765.87563681869,3.6,459.118754847405,0.1925,2.1770726933331,472.321985276191,92.5177732416378,0.0650500721834593
2022-07-01,1100.3432286438,1427.30012256217,1509.10878605093,1766.18193052761,3.6,459.866339033882,0.5475,1.06750864826509,472.618355405364,92.6363165727551,0.0993083296997253
